1,2,3,4,5,6,7
KNN,ISO,IQR,ZSB,LOF,STD,PERC
KNN,IQR,ISO,ZSB,LOF,STD,PERC
KNN,IQR,ISO,ZSB,LOF,STD,PERC
KNN,IQR,ISO,ZSB,LOF,STD,PERC
KNN,IQR,ISO,ZSB,LOF,STD,PERC
KNN,IQR,ISO,ZSB,LOF,STD,PERC
KNN,IQR,ISO,LOF,ZSB,STD,PERC
KNN,ISO,IQR,LOF,STD,ZSB,PERC
KNN,IQR,ISO,LOF,STD,ZSB,PERC
KNN,IQR,ISO,ZSB,LOF,STD,PERC
KNN,ISO,IQR,LOF,STD,ZSB,PERC
KNN,IQR,ISO,LOF,ZSB,STD,PERC
KNN,ISO,IQR,LOF,STD,ZSB,PERC
KNN,IQR,ISO,ZSB,LOF,STD,PERC
KNN,IQR,ISO,LOF,STD,ZSB,PERC
KNN,IQR,ISO,LOF,STD,ZSB,PERC
KNN,IQR,ISO,ZSB,LOF,STD,PERC
KNN,IQR,ISO,ZSB,LOF,STD,PERC
IQR,ISO,KNN,ZSB,STD,LOF,PERC
KNN,IQR,ZSB,ISO,LOF,PERC,STD
KNN,IQR,ZSB,ISO,LOF,STD,PERC
KNN,IQR,ZSB,ISO,LOF,PERC,STD
IQR,ZSB,KNN,ISO,LOF,STD,PERC
IQR,KNN,ZSB,ISO,LOF,STD,PERC
KNN,IQR,ZSB,ISO,LOF,STD,PERC
IQR,KNN,ZSB,ISO,LOF,STD,PERC
KNN,IQR,ZSB,ISO,LOF,STD,PERC
IQR,KNN,ZSB,ISO,LOF,STD,PERC
KNN,IQR,ZSB,ISO,LOF,STD,PERC
KNN,IQR,ZSB,ISO,LOF,STD,PERC
KNN,IQR,ZSB,ISO,LOF,STD,PERC
IQR,ZSB,KNN,ISO,LOF,STD,PERC
KNN,IQR,ZSB,ISO,LOF,STD,PERC
KNN,IQR,ZSB,ISO,STD,LOF,PERC
IQR,ZSB,KNN,ISO,LOF,STD,PERC
IQR,KNN,ZSB,ISO,STD,LOF,PERC
KNN,IQR,ZSB,ISO,LOF,STD,PERC
KNN,IQR,ZSB,ISO,STD,LOF,PERC
KNN,IQR,ZSB,ISO,LOF,STD,PERC
ZSB,KNN,IQR,ISO,LOF,PERC,STD
KNN,IQR,ZSB,ISO,LOF,PERC,STD
KNN,IQR,ZSB,ISO,LOF,PERC,STD
IQR,ZSB,KNN,ISO,LOF,STD,PERC
IQR,ZSB,KNN,ISO,LOF,STD,PERC
IQR,KNN,ZSB,ISO,LOF,PERC,STD
IQR,ZSB,KNN,ISO,LOF,PERC,STD
IQR,ZSB,KNN,ISO,LOF,PERC,STD
IQR,KNN,ZSB,ISO,LOF,STD,PERC
IQR,ZSB,KNN,ISO,LOF,PERC,STD
IQR,KNN,ZSB,ISO,LOF,STD,PERC
ZSB,IQR,KNN,ISO,LOF,PERC,STD
IQR,ZSB,KNN,ISO,LOF,STD,PERC
IQR,ZSB,KNN,ISO,LOF,PERC,STD
KNN,IQR,ZSB,ISO,LOF,STD,PERC
IQR,ZSB,KNN,ISO,LOF,PERC,STD
IQR,ZSB,KNN,ISO,LOF,PERC,STD
KNN,IQR,ZSB,ISO,LOF,PERC,STD
KNN,ZSB,IQR,ISO,LOF,PERC,STD
ZSB,IQR,KNN,ISO,LOF,PERC,STD
KNN,ZSB,IQR,ISO,LOF,PERC,STD
ZSB,IQR,KNN,ISO,LOF,PERC,STD
ZSB,IQR,KNN,ISO,LOF,PERC,STD
ZSB,IQR,KNN,ISO,LOF,PERC,STD
KNN,ZSB,IQR,ISO,LOF,PERC,STD
KNN,ZSB,IQR,ISO,LOF,PERC,STD
ZSB,IQR,KNN,ISO,LOF,PERC,STD
KNN,ZSB,IQR,ISO,LOF,PERC,STD
ZSB,KNN,IQR,ISO,LOF,PERC,STD
KNN,ZSB,IQR,ISO,LOF,PERC,STD
ZSB,IQR,KNN,ISO,LOF,PERC,STD
KNN,ZSB,IQR,ISO,LOF,PERC,STD
KNN,ZSB,IQR,ISO,LOF,PERC,STD
ZSB,IQR,KNN,ISO,LOF,PERC,STD
KNN,ZSB,IQR,ISO,LOF,PERC,STD
KNN,ZSB,IQR,ISO,LOF,PERC,STD
KNN,ZSB,IQR,ISO,LOF,PERC,STD
KNN,ZSB,IQR,ISO,LOF,PERC,STD
KNN,ZSB,IQR,ISO,LOF,PERC,STD
KNN,ZSB,IQR,ISO,LOF,PERC,STD
KNN,ZSB,IQR,ISO,LOF,PERC,STD
KNN,ZSB,IQR,ISO,LOF,PERC,STD
KNN,ZSB,IQR,ISO,LOF,PERC,STD
KNN,ZSB,IQR,ISO,LOF,PERC,STD
KNN,ZSB,IQR,ISO,LOF,PERC,STD
KNN,ZSB,IQR,ISO,LOF,PERC,STD
KNN,ZSB,IQR,ISO,LOF,PERC,STD
KNN,ZSB,IQR,ISO,LOF,PERC,STD
KNN,ZSB,IQR,ISO,LOF,PERC,STD
KNN,ZSB,IQR,ISO,LOF,PERC,STD
KNN,ZSB,IQR,ISO,LOF,PERC,STD
KNN,ZSB,IQR,ISO,LOF,PERC,STD
KNN,ZSB,IQR,ISO,LOF,PERC,STD
KNN,ZSB,IQR,ISO,LOF,PERC,STD
KNN,ZSB,IQR,ISO,LOF,PERC,STD
KNN,ZSB,IQR,ISO,LOF,PERC,STD
KNN,IQR,ISO,ZSB,LOF,STD,PERC
KNN,IQR,ZSB,ISO,LOF,STD,PERC
KNN,IQR,ISO,ZSB,LOF,STD,PERC
KNN,IQR,ISO,LOF,STD,ZSB,PERC
KNN,IQR,ISO,ZSB,LOF,STD,PERC
KNN,IQR,ISO,ZSB,LOF,STD,PERC
KNN,IQR,ISO,LOF,ZSB,STD,PERC
KNN,IQR,ISO,LOF,STD,ZSB,PERC
IQR,KNN,ZSB,ISO,LOF,STD,PERC
KNN,IQR,ZSB,ISO,LOF,STD,PERC
IQR,KNN,ZSB,ISO,LOF,STD,PERC
KNN,IQR,ISO,LOF,STD,ZSB,PERC
KNN,ISO,IQR,LOF,STD,ZSB,PERC
KNN,IQR,ISO,ZSB,LOF,STD,PERC
IQR,KNN,ISO,ZSB,LOF,STD,PERC
KNN,IQR,ZSB,ISO,LOF,STD,PERC
KNN,IQR,ISO,LOF,STD,ZSB,PERC
IQR,KNN,ISO,ZSB,LOF,STD,PERC
KNN,IQR,ISO,LOF,STD,ZSB,PERC
KNN,IQR,ZSB,ISO,LOF,PERC,STD
IQR,ZSB,KNN,ISO,LOF,PERC,STD
IQR,KNN,ZSB,ISO,LOF,STD,PERC
IQR,KNN,ZSB,ISO,LOF,STD,PERC
IQR,ZSB,KNN,ISO,STD,LOF,PERC
KNN,IQR,ZSB,ISO,LOF,STD,PERC
KNN,IQR,ZSB,ISO,LOF,STD,PERC
IQR,ZSB,KNN,ISO,LOF,STD,PERC
IQR,ZSB,KNN,ISO,LOF,STD,PERC
IQR,KNN,ZSB,ISO,LOF,STD,PERC
KNN,IQR,ZSB,ISO,LOF,STD,PERC
KNN,IQR,ZSB,ISO,LOF,STD,PERC
IQR,KNN,ZSB,ISO,STD,LOF,PERC
IQR,KNN,ZSB,ISO,LOF,PERC,STD
KNN,IQR,ZSB,ISO,LOF,STD,PERC
IQR,KNN,ZSB,ISO,STD,LOF,PERC
IQR,ZSB,KNN,ISO,LOF,STD,PERC
KNN,IQR,ZSB,ISO,STD,LOF,PERC
KNN,IQR,ZSB,ISO,LOF,STD,PERC
IQR,ZSB,KNN,ISO,LOF,PERC,STD
IQR,ZSB,KNN,ISO,LOF,PERC,STD
IQR,ZSB,KNN,ISO,LOF,PERC,STD
ZSB,IQR,KNN,ISO,LOF,PERC,STD
IQR,KNN,ZSB,ISO,LOF,PERC,STD
IQR,ZSB,KNN,ISO,LOF,PERC,STD
IQR,ZSB,KNN,ISO,LOF,PERC,STD
IQR,ZSB,KNN,ISO,LOF,PERC,STD
KNN,IQR,ZSB,ISO,LOF,PERC,STD
IQR,ZSB,KNN,ISO,LOF,PERC,STD
IQR,ZSB,KNN,ISO,LOF,PERC,STD
IQR,KNN,ZSB,ISO,LOF,PERC,STD
ZSB,IQR,KNN,ISO,LOF,PERC,STD
IQR,ZSB,KNN,ISO,LOF,PERC,STD
KNN,IQR,ZSB,ISO,LOF,PERC,STD
IQR,ZSB,KNN,ISO,LOF,PERC,STD
KNN,IQR,ZSB,ISO,LOF,PERC,STD
KNN,IQR,ZSB,ISO,LOF,PERC,STD
KNN,IQR,ZSB,ISO,LOF,STD,PERC
KNN,ZSB,IQR,ISO,LOF,PERC,STD
KNN,ZSB,IQR,ISO,LOF,PERC,STD
ZSB,IQR,KNN,ISO,LOF,PERC,STD
ZSB,IQR,KNN,ISO,LOF,PERC,STD
ZSB,IQR,KNN,ISO,LOF,PERC,STD
ZSB,IQR,KNN,ISO,LOF,PERC,STD
ZSB,KNN,IQR,ISO,LOF,PERC,STD
ZSB,IQR,KNN,ISO,LOF,PERC,STD
KNN,ZSB,IQR,ISO,LOF,PERC,STD
ZSB,IQR,KNN,ISO,LOF,PERC,STD
ZSB,IQR,KNN,ISO,LOF,PERC,STD
ZSB,IQR,KNN,ISO,LOF,PERC,STD
ZSB,IQR,KNN,ISO,LOF,PERC,STD
KNN,ZSB,IQR,ISO,LOF,PERC,STD
KNN,ZSB,IQR,ISO,LOF,PERC,STD
IQR,ZSB,KNN,ISO,LOF,PERC,STD
KNN,ZSB,IQR,ISO,LOF,PERC,STD
IQR,ZSB,KNN,ISO,LOF,PERC,STD
IQR,ZSB,KNN,ISO,LOF,PERC,STD
KNN,ZSB,IQR,ISO,LOF,PERC,STD
KNN,ZSB,IQR,ISO,LOF,PERC,STD
KNN,ZSB,IQR,ISO,LOF,PERC,STD
KNN,ZSB,IQR,ISO,LOF,PERC,STD
KNN,ZSB,IQR,ISO,LOF,PERC,STD
KNN,ZSB,IQR,ISO,LOF,PERC,STD
KNN,ZSB,IQR,ISO,LOF,PERC,STD
KNN,ZSB,IQR,ISO,LOF,PERC,STD
KNN,ZSB,IQR,ISO,LOF,PERC,STD
KNN,ZSB,IQR,ISO,LOF,PERC,STD
KNN,ZSB,IQR,ISO,LOF,PERC,STD
KNN,ZSB,IQR,ISO,LOF,PERC,STD
KNN,ZSB,IQR,ISO,LOF,PERC,STD
KNN,ZSB,IQR,ISO,LOF,PERC,STD
KNN,ZSB,IQR,ISO,LOF,PERC,STD
KNN,ZSB,IQR,ISO,LOF,PERC,STD
KNN,ZSB,IQR,ISO,LOF,PERC,STD
KNN,ZSB,IQR,ISO,LOF,PERC,STD
KNN,ZSB,IQR,ISO,LOF,PERC,STD
IQR,ZSB,ISO,KNN,STD,LOF,PERC
IQR,ZSB,ISO,KNN,STD,PERC,LOF
IQR,ZSB,ISO,STD,KNN,LOF,PERC
IQR,ZSB,ISO,STD,KNN,LOF,PERC
IQR,ZSB,ISO,STD,KNN,LOF,PERC
IQR,ZSB,ISO,STD,PERC,LOF,KNN
IQR,ZSB,ISO,STD,LOF,PERC,KNN
IQR,ISO,ZSB,STD,PERC,LOF,KNN
IQR,ZSB,ISO,STD,PERC,LOF,KNN
IQR,ZSB,ISO,STD,PERC,LOF,KNN
ISO,IQR,ZSB,STD,PERC,LOF,KNN
IQR,ZSB,ISO,STD,LOF,KNN,PERC
IQR,ISO,ZSB,STD,PERC,LOF,KNN
IQR,ZSB,ISO,STD,LOF,PERC,KNN
ISO,IQR,ZSB,STD,PERC,LOF,KNN
ISO,IQR,ZSB,STD,PERC,LOF,KNN
IQR,ISO,ZSB,STD,PERC,LOF,KNN
IQR,ZSB,ISO,STD,LOF,PERC,KNN
ISO,IQR,ZSB,STD,LOF,PERC,KNN
IQR,ZSB,ISO,KNN,LOF,PERC,STD
IQR,ZSB,ISO,KNN,LOF,PERC,STD
IQR,ZSB,ISO,KNN,LOF,STD,PERC
IQR,ZSB,ISO,KNN,LOF,STD,PERC
IQR,ZSB,ISO,KNN,LOF,STD,PERC
IQR,ZSB,ISO,KNN,STD,LOF,PERC
IQR,ZSB,ISO,KNN,STD,LOF,PERC
ZSB,IQR,ISO,KNN,STD,LOF,PERC
ZSB,IQR,ISO,KNN,STD,LOF,PERC
IQR,ZSB,ISO,KNN,LOF,STD,PERC
IQR,ZSB,ISO,KNN,STD,LOF,PERC
IQR,ZSB,ISO,KNN,LOF,STD,PERC
IQR,ZSB,ISO,KNN,LOF,STD,PERC
IQR,ZSB,ISO,KNN,LOF,STD,PERC
IQR,ZSB,ISO,KNN,LOF,STD,PERC
IQR,ZSB,ISO,KNN,STD,LOF,PERC
IQR,ZSB,ISO,KNN,STD,LOF,PERC
IQR,ZSB,ISO,KNN,STD,LOF,PERC
IQR,ZSB,ISO,KNN,LOF,STD,PERC
ZSB,IQR,KNN,ISO,LOF,PERC,STD
ZSB,IQR,KNN,ISO,LOF,PERC,STD
ZSB,IQR,KNN,ISO,LOF,PERC,STD
ZSB,IQR,KNN,ISO,LOF,PERC,STD
ZSB,IQR,KNN,ISO,LOF,PERC,STD
ZSB,IQR,KNN,ISO,LOF,PERC,STD
ZSB,IQR,KNN,ISO,LOF,PERC,STD
ZSB,IQR,KNN,ISO,LOF,PERC,STD
ZSB,IQR,ISO,KNN,LOF,PERC,STD
ZSB,IQR,KNN,ISO,LOF,PERC,STD
ZSB,IQR,KNN,ISO,LOF,PERC,STD
IQR,ZSB,KNN,ISO,LOF,PERC,STD
ZSB,IQR,KNN,ISO,LOF,PERC,STD
IQR,ZSB,ISO,KNN,LOF,PERC,STD
IQR,ZSB,KNN,ISO,LOF,PERC,STD
IQR,ZSB,KNN,ISO,LOF,PERC,STD
IQR,ZSB,ISO,KNN,LOF,PERC,STD
IQR,ZSB,ISO,KNN,LOF,PERC,STD
IQR,ZSB,ISO,KNN,LOF,PERC,STD
ZSB,KNN,IQR,ISO,LOF,PERC,STD
ZSB,IQR,KNN,ISO,LOF,PERC,STD
ZSB,IQR,KNN,ISO,LOF,PERC,STD
ZSB,IQR,KNN,ISO,LOF,PERC,STD
ZSB,IQR,KNN,ISO,LOF,PERC,STD
ZSB,IQR,KNN,ISO,LOF,PERC,STD
ZSB,IQR,KNN,ISO,LOF,PERC,STD
ZSB,IQR,KNN,ISO,LOF,PERC,STD
ZSB,IQR,KNN,ISO,LOF,PERC,STD
ZSB,IQR,KNN,ISO,LOF,PERC,STD
ZSB,IQR,KNN,ISO,LOF,PERC,STD
ZSB,IQR,KNN,ISO,LOF,PERC,STD
ZSB,IQR,KNN,ISO,LOF,PERC,STD
ZSB,IQR,KNN,ISO,LOF,PERC,STD
ZSB,IQR,KNN,ISO,LOF,PERC,STD
IQR,ZSB,KNN,ISO,LOF,PERC,STD
IQR,ZSB,ISO,KNN,LOF,STD,PERC
IQR,ZSB,KNN,ISO,LOF,PERC,STD
IQR,ZSB,KNN,ISO,LOF,PERC,STD
ZSB,KNN,IQR,ISO,LOF,PERC,STD
ZSB,KNN,IQR,ISO,LOF,PERC,STD
ZSB,KNN,IQR,ISO,LOF,PERC,STD
ZSB,KNN,IQR,ISO,LOF,PERC,STD
ZSB,IQR,KNN,ISO,LOF,PERC,STD
ZSB,KNN,IQR,ISO,LOF,PERC,STD
ZSB,IQR,KNN,ISO,LOF,PERC,STD
ZSB,IQR,KNN,ISO,LOF,PERC,STD
ZSB,IQR,KNN,ISO,LOF,PERC,STD
ZSB,IQR,KNN,ISO,LOF,PERC,STD
ZSB,IQR,KNN,ISO,LOF,PERC,STD
ZSB,IQR,KNN,ISO,LOF,PERC,STD
ZSB,IQR,KNN,ISO,LOF,PERC,STD
ZSB,IQR,KNN,ISO,LOF,PERC,STD
ZSB,IQR,KNN,ISO,LOF,PERC,STD
ZSB,IQR,KNN,ISO,LOF,PERC,STD
ZSB,IQR,KNN,ISO,LOF,PERC,STD
IQR,ZSB,KNN,ISO,LOF,PERC,STD
ZSB,IQR,KNN,ISO,LOF,PERC,STD
IQR,ISO,ZSB,STD,KNN,PERC,LOF
IQR,ISO,ZSB,KNN,STD,PERC,LOF
ISO,IQR,ZSB,STD,KNN,PERC,LOF
ISO,IQR,ZSB,STD,KNN,PERC,LOF
ISO,IQR,ZSB,STD,KNN,PERC,LOF
ISO,IQR,ZSB,STD,KNN,PERC,LOF
ISO,IQR,ZSB,STD,KNN,PERC,LOF
ISO,IQR,ZSB,STD,PERC,KNN,LOF
ISO,IQR,ZSB,STD,KNN,PERC,LOF
ISO,IQR,ZSB,STD,KNN,PERC,LOF
ISO,IQR,ZSB,STD,KNN,PERC,LOF
ISO,IQR,ZSB,STD,KNN,PERC,LOF
ISO,IQR,ZSB,STD,KNN,PERC,LOF
ISO,IQR,ZSB,STD,KNN,PERC,LOF
ISO,IQR,ZSB,STD,KNN,PERC,LOF
ISO,IQR,ZSB,STD,KNN,PERC,LOF
ISO,IQR,ZSB,STD,KNN,PERC,LOF
ISO,IQR,ZSB,STD,KNN,PERC,LOF
ISO,IQR,ZSB,STD,KNN,PERC,LOF
IQR,ZSB,ISO,KNN,LOF,STD,PERC
IQR,ZSB,ISO,KNN,LOF,STD,PERC
IQR,ZSB,ISO,KNN,LOF,PERC,STD
IQR,ZSB,ISO,KNN,STD,PERC,LOF
IQR,ZSB,KNN,ISO,STD,LOF,PERC
IQR,ZSB,ISO,KNN,STD,LOF,PERC
IQR,ZSB,ISO,KNN,STD,LOF,PERC
IQR,ZSB,ISO,KNN,STD,LOF,PERC
IQR,ZSB,KNN,ISO,STD,LOF,PERC
IQR,ZSB,ISO,KNN,LOF,PERC,STD
IQR,ZSB,ISO,KNN,STD,LOF,PERC
IQR,ZSB,KNN,ISO,STD,LOF,PERC
IQR,ZSB,ISO,KNN,LOF,PERC,STD
IQR,ZSB,KNN,ISO,STD,LOF,PERC
IQR,ZSB,ISO,KNN,LOF,PERC,STD
IQR,ZSB,KNN,ISO,STD,LOF,PERC
IQR,ZSB,ISO,KNN,STD,LOF,PERC
IQR,ZSB,KNN,ISO,STD,LOF,PERC
IQR,ZSB,ISO,KNN,STD,LOF,PERC
ZSB,IQR,KNN,ISO,LOF,PERC,STD
ZSB,IQR,KNN,ISO,LOF,PERC,STD
ZSB,IQR,KNN,ISO,LOF,PERC,STD
IQR,ZSB,KNN,ISO,LOF,PERC,STD
ZSB,IQR,KNN,ISO,LOF,PERC,STD
ZSB,IQR,KNN,ISO,LOF,PERC,STD
IQR,ZSB,KNN,ISO,LOF,PERC,STD
IQR,ZSB,KNN,ISO,LOF,PERC,STD
ZSB,IQR,KNN,ISO,LOF,PERC,STD
IQR,ZSB,KNN,ISO,LOF,PERC,STD
IQR,ZSB,KNN,ISO,LOF,PERC,STD
IQR,ZSB,KNN,ISO,LOF,PERC,STD
IQR,ZSB,KNN,ISO,LOF,PERC,STD
IQR,ZSB,KNN,ISO,LOF,PERC,STD
IQR,ZSB,KNN,ISO,LOF,PERC,STD
IQR,ZSB,KNN,ISO,LOF,PERC,STD
IQR,ZSB,KNN,ISO,LOF,PERC,STD
ZSB,IQR,KNN,ISO,LOF,PERC,STD
IQR,ZSB,KNN,ISO,LOF,PERC,STD
ZSB,KNN,IQR,ISO,LOF,PERC,STD
ZSB,IQR,KNN,ISO,LOF,PERC,STD
ZSB,IQR,KNN,ISO,LOF,PERC,STD
ZSB,IQR,KNN,ISO,LOF,PERC,STD
ZSB,IQR,KNN,ISO,LOF,PERC,STD
ZSB,IQR,KNN,ISO,LOF,PERC,STD
ZSB,IQR,KNN,ISO,LOF,PERC,STD
ZSB,IQR,KNN,ISO,LOF,PERC,STD
ZSB,KNN,IQR,ISO,LOF,PERC,STD
KNN,ZSB,IQR,ISO,LOF,PERC,STD
ZSB,IQR,KNN,ISO,LOF,PERC,STD
ZSB,IQR,KNN,ISO,LOF,PERC,STD
ZSB,IQR,KNN,ISO,LOF,PERC,STD
ZSB,KNN,IQR,ISO,LOF,PERC,STD
ZSB,IQR,KNN,ISO,LOF,PERC,STD
ZSB,IQR,KNN,ISO,LOF,PERC,STD
ZSB,IQR,KNN,ISO,LOF,PERC,STD
ZSB,IQR,KNN,ISO,LOF,PERC,STD
ZSB,IQR,KNN,ISO,LOF,PERC,STD
ZSB,KNN,IQR,ISO,LOF,PERC,STD
KNN,ZSB,IQR,ISO,LOF,PERC,STD
KNN,ZSB,IQR,ISO,LOF,PERC,STD
KNN,ZSB,IQR,ISO,LOF,PERC,STD
ZSB,KNN,IQR,ISO,LOF,PERC,STD
KNN,ZSB,IQR,ISO,LOF,PERC,STD
KNN,ZSB,IQR,ISO,LOF,PERC,STD
KNN,ZSB,IQR,ISO,LOF,PERC,STD
KNN,ZSB,IQR,ISO,LOF,PERC,STD
KNN,ZSB,IQR,ISO,LOF,PERC,STD
KNN,ZSB,IQR,ISO,LOF,PERC,STD
KNN,ZSB,IQR,ISO,LOF,PERC,STD
ZSB,KNN,IQR,ISO,LOF,PERC,STD
KNN,ZSB,IQR,ISO,LOF,PERC,STD
ZSB,KNN,IQR,ISO,LOF,PERC,STD
KNN,ZSB,IQR,ISO,LOF,PERC,STD
ZSB,KNN,IQR,ISO,LOF,PERC,STD
KNN,ZSB,IQR,ISO,LOF,PERC,STD
KNN,ZSB,IQR,ISO,LOF,PERC,STD
IQR,ZSB,ISO,KNN,STD,LOF,PERC
IQR,ZSB,ISO,KNN,STD,LOF,PERC
IQR,ISO,ZSB,KNN,STD,PERC,LOF
IQR,ISO,ZSB,KNN,STD,PERC,LOF
IQR,ISO,ZSB,KNN,STD,PERC,LOF
IQR,ISO,ZSB,KNN,STD,PERC,LOF
IQR,ISO,ZSB,KNN,STD,PERC,LOF
IQR,ISO,ZSB,KNN,STD,LOF,PERC
IQR,ISO,ZSB,KNN,STD,PERC,LOF
ISO,IQR,ZSB,KNN,STD,LOF,PERC
IQR,ISO,ZSB,KNN,STD,LOF,PERC
IQR,ISO,ZSB,KNN,STD,PERC,LOF
ISO,IQR,ZSB,KNN,STD,LOF,PERC
ISO,IQR,ZSB,KNN,STD,PERC,LOF
ISO,IQR,ZSB,KNN,STD,PERC,LOF
ISO,IQR,KNN,ZSB,STD,PERC,LOF
ISO,IQR,KNN,ZSB,STD,LOF,PERC
ISO,IQR,KNN,ZSB,STD,PERC,LOF
ISO,IQR,KNN,ZSB,STD,PERC,LOF
ZSB,IQR,ISO,KNN,LOF,PERC,STD
IQR,KNN,ZSB,ISO,STD,LOF,PERC
IQR,ZSB,KNN,ISO,STD,PERC,LOF
IQR,ZSB,KNN,ISO,STD,LOF,PERC
IQR,ZSB,KNN,ISO,STD,LOF,PERC
IQR,ZSB,KNN,ISO,STD,LOF,PERC
IQR,ZSB,KNN,ISO,STD,LOF,PERC
IQR,ZSB,KNN,ISO,STD,LOF,PERC
IQR,ZSB,KNN,ISO,STD,LOF,PERC
IQR,ZSB,KNN,ISO,STD,LOF,PERC
IQR,ZSB,KNN,ISO,STD,LOF,PERC
IQR,ZSB,KNN,ISO,STD,LOF,PERC
IQR,ZSB,KNN,ISO,STD,LOF,PERC
IQR,KNN,ZSB,ISO,STD,LOF,PERC
IQR,ZSB,KNN,ISO,STD,LOF,PERC
IQR,ZSB,KNN,ISO,STD,LOF,PERC
IQR,ZSB,KNN,ISO,STD,LOF,PERC
IQR,ZSB,KNN,ISO,STD,LOF,PERC
IQR,ZSB,KNN,ISO,STD,LOF,PERC
ZSB,KNN,IQR,ISO,LOF,PERC,STD
ZSB,KNN,IQR,ISO,LOF,PERC,STD
KNN,ZSB,IQR,ISO,LOF,PERC,STD
IQR,ZSB,KNN,ISO,LOF,PERC,STD
IQR,ZSB,KNN,ISO,LOF,PERC,STD
IQR,ZSB,KNN,ISO,LOF,PERC,STD
IQR,ZSB,KNN,ISO,LOF,PERC,STD
ZSB,IQR,KNN,ISO,LOF,PERC,STD
ZSB,IQR,KNN,ISO,LOF,PERC,STD
IQR,ZSB,KNN,ISO,LOF,PERC,STD
IQR,ZSB,KNN,ISO,LOF,PERC,STD
IQR,ZSB,KNN,ISO,LOF,PERC,STD
IQR,ZSB,KNN,ISO,LOF,PERC,STD
IQR,ZSB,KNN,ISO,LOF,PERC,STD
IQR,ZSB,KNN,ISO,LOF,PERC,STD
IQR,ZSB,KNN,ISO,LOF,PERC,STD
IQR,ZSB,KNN,ISO,LOF,PERC,STD
IQR,ZSB,KNN,ISO,LOF,PERC,STD
IQR,ZSB,KNN,ISO,LOF,PERC,STD
ZSB,IQR,KNN,ISO,LOF,PERC,STD
ZSB,IQR,KNN,ISO,LOF,PERC,STD
ZSB,IQR,KNN,ISO,LOF,PERC,STD
ZSB,IQR,KNN,ISO,LOF,PERC,STD
ZSB,IQR,KNN,ISO,LOF,PERC,STD
ZSB,IQR,KNN,ISO,LOF,PERC,STD
ZSB,IQR,KNN,ISO,LOF,PERC,STD
ZSB,IQR,KNN,ISO,LOF,PERC,STD
ZSB,IQR,KNN,ISO,LOF,PERC,STD
ZSB,IQR,KNN,ISO,LOF,PERC,STD
ZSB,IQR,KNN,ISO,LOF,PERC,STD
IQR,ZSB,KNN,ISO,LOF,PERC,STD
IQR,ZSB,KNN,ISO,LOF,PERC,STD
ZSB,IQR,KNN,ISO,LOF,PERC,STD
IQR,ZSB,KNN,ISO,LOF,PERC,STD
IQR,ZSB,KNN,ISO,LOF,PERC,STD
IQR,ZSB,KNN,ISO,LOF,PERC,STD
ZSB,IQR,KNN,ISO,LOF,PERC,STD
IQR,ZSB,KNN,ISO,LOF,PERC,STD
ZSB,KNN,IQR,ISO,LOF,PERC,STD
ZSB,KNN,IQR,ISO,LOF,PERC,STD
ZSB,KNN,IQR,ISO,LOF,PERC,STD
ZSB,KNN,IQR,ISO,LOF,PERC,STD
ZSB,KNN,IQR,ISO,LOF,PERC,STD
ZSB,KNN,IQR,ISO,LOF,PERC,STD
ZSB,KNN,IQR,ISO,LOF,PERC,STD
ZSB,KNN,IQR,ISO,LOF,PERC,STD
ZSB,KNN,IQR,ISO,LOF,PERC,STD
ZSB,KNN,IQR,ISO,LOF,PERC,STD
ZSB,IQR,KNN,ISO,LOF,PERC,STD
ZSB,IQR,KNN,ISO,LOF,PERC,STD
ZSB,IQR,KNN,ISO,LOF,PERC,STD
ZSB,IQR,KNN,ISO,LOF,PERC,STD
ZSB,IQR,KNN,ISO,LOF,PERC,STD
ZSB,IQR,KNN,ISO,LOF,PERC,STD
ZSB,IQR,KNN,ISO,LOF,PERC,STD
ZSB,IQR,KNN,ISO,LOF,PERC,STD
ZSB,IQR,KNN,ISO,LOF,PERC,STD
IQR,ZSB,ISO,KNN,STD,LOF,PERC
IQR,ZSB,ISO,KNN,STD,LOF,PERC
IQR,ISO,ZSB,KNN,STD,PERC,LOF
IQR,ISO,ZSB,KNN,STD,PERC,LOF
IQR,ISO,ZSB,KNN,STD,PERC,LOF
IQR,ISO,ZSB,KNN,STD,PERC,LOF
IQR,ISO,ZSB,KNN,STD,LOF,PERC
IQR,ISO,ZSB,KNN,STD,PERC,LOF
IQR,ISO,ZSB,KNN,STD,LOF,PERC
IQR,ISO,ZSB,KNN,STD,PERC,LOF
ISO,IQR,ZSB,KNN,STD,PERC,LOF
ISO,IQR,ZSB,KNN,STD,LOF,PERC
ISO,IQR,ZSB,KNN,STD,PERC,LOF
ISO,IQR,ZSB,KNN,STD,PERC,LOF
ISO,IQR,ZSB,KNN,STD,LOF,PERC
ISO,IQR,ZSB,KNN,STD,LOF,PERC
ISO,IQR,ZSB,KNN,STD,LOF,PERC
ISO,IQR,ZSB,KNN,STD,PERC,LOF
ISO,IQR,KNN,ZSB,STD,PERC,LOF
ZSB,IQR,KNN,ISO,LOF,PERC,STD
ZSB,IQR,KNN,ISO,LOF,STD,PERC
IQR,ZSB,KNN,ISO,STD,LOF,PERC
IQR,ZSB,KNN,ISO,STD,LOF,PERC
IQR,KNN,ZSB,ISO,STD,LOF,PERC
IQR,ZSB,KNN,ISO,STD,LOF,PERC
IQR,ZSB,KNN,ISO,STD,LOF,PERC
IQR,ZSB,KNN,ISO,STD,LOF,PERC
IQR,ZSB,KNN,ISO,STD,LOF,PERC
IQR,KNN,ZSB,ISO,STD,LOF,PERC
IQR,KNN,ZSB,ISO,STD,LOF,PERC
IQR,KNN,ZSB,ISO,STD,LOF,PERC
IQR,ZSB,KNN,ISO,STD,LOF,PERC
IQR,ZSB,KNN,ISO,STD,LOF,PERC
IQR,KNN,ZSB,ISO,STD,LOF,PERC
IQR,KNN,ZSB,ISO,STD,LOF,PERC
IQR,KNN,ZSB,ISO,STD,LOF,PERC
IQR,ZSB,KNN,ISO,STD,LOF,PERC
IQR,ZSB,KNN,ISO,STD,LOF,PERC
ZSB,IQR,KNN,ISO,LOF,PERC,STD
ZSB,IQR,KNN,ISO,LOF,PERC,STD
ZSB,IQR,KNN,ISO,LOF,PERC,STD
IQR,ZSB,KNN,ISO,LOF,PERC,STD
ZSB,IQR,KNN,ISO,LOF,PERC,STD
IQR,ZSB,KNN,ISO,LOF,PERC,STD
IQR,ZSB,KNN,ISO,LOF,PERC,STD
IQR,ZSB,KNN,ISO,LOF,PERC,STD
IQR,ZSB,KNN,ISO,LOF,PERC,STD
IQR,ZSB,KNN,ISO,LOF,PERC,STD
IQR,ZSB,KNN,ISO,LOF,PERC,STD
IQR,ZSB,KNN,ISO,LOF,PERC,STD
IQR,ZSB,KNN,ISO,LOF,PERC,STD
IQR,ZSB,KNN,ISO,LOF,PERC,STD
IQR,ZSB,KNN,ISO,LOF,PERC,STD
IQR,ZSB,KNN,ISO,LOF,PERC,STD
IQR,ZSB,KNN,ISO,LOF,PERC,STD
IQR,ZSB,KNN,ISO,LOF,PERC,STD
IQR,ZSB,KNN,ISO,LOF,PERC,STD
ZSB,IQR,KNN,ISO,LOF,PERC,STD
ZSB,IQR,KNN,ISO,LOF,PERC,STD
ZSB,IQR,KNN,ISO,LOF,PERC,STD
ZSB,IQR,KNN,ISO,LOF,PERC,STD
ZSB,IQR,KNN,ISO,LOF,PERC,STD
ZSB,IQR,KNN,ISO,LOF,PERC,STD
ZSB,IQR,KNN,ISO,LOF,PERC,STD
ZSB,IQR,KNN,ISO,LOF,PERC,STD
ZSB,IQR,KNN,ISO,LOF,PERC,STD
ZSB,IQR,KNN,ISO,LOF,PERC,STD
ZSB,IQR,KNN,ISO,LOF,PERC,STD
IQR,ZSB,KNN,ISO,LOF,PERC,STD
ZSB,IQR,KNN,ISO,LOF,PERC,STD
IQR,ZSB,KNN,ISO,LOF,PERC,STD
ZSB,IQR,KNN,ISO,LOF,PERC,STD
ZSB,IQR,KNN,ISO,LOF,PERC,STD
ZSB,IQR,KNN,ISO,LOF,PERC,STD
ZSB,IQR,KNN,ISO,LOF,PERC,STD
IQR,ZSB,KNN,ISO,LOF,PERC,STD
ZSB,KNN,IQR,ISO,LOF,PERC,STD
ZSB,KNN,IQR,ISO,LOF,PERC,STD
ZSB,KNN,IQR,ISO,LOF,PERC,STD
ZSB,KNN,IQR,ISO,LOF,PERC,STD
ZSB,KNN,IQR,ISO,LOF,PERC,STD
ZSB,KNN,IQR,ISO,LOF,PERC,STD
ZSB,IQR,KNN,ISO,LOF,PERC,STD
ZSB,KNN,IQR,ISO,LOF,PERC,STD
ZSB,KNN,IQR,ISO,LOF,PERC,STD
ZSB,KNN,IQR,ISO,LOF,PERC,STD
ZSB,IQR,KNN,ISO,LOF,PERC,STD
ZSB,IQR,KNN,ISO,LOF,PERC,STD
ZSB,IQR,KNN,ISO,LOF,PERC,STD
ZSB,IQR,KNN,ISO,LOF,PERC,STD
ZSB,IQR,KNN,ISO,LOF,PERC,STD
ZSB,IQR,KNN,ISO,LOF,PERC,STD
ZSB,IQR,KNN,ISO,LOF,PERC,STD
ZSB,IQR,KNN,ISO,LOF,PERC,STD
ZSB,IQR,KNN,ISO,LOF,PERC,STD
IQR,ZSB,ISO,KNN,STD,LOF,PERC
IQR,ZSB,ISO,KNN,STD,LOF,PERC
IQR,ISO,ZSB,KNN,STD,LOF,PERC
IQR,ISO,ZSB,KNN,STD,PERC,LOF
IQR,ISO,ZSB,KNN,STD,PERC,LOF
ISO,IQR,KNN,ZSB,STD,PERC,LOF
ISO,IQR,ZSB,KNN,STD,PERC,LOF
ISO,IQR,KNN,ZSB,STD,PERC,LOF
IQR,ISO,ZSB,KNN,STD,LOF,PERC
ISO,IQR,ZSB,KNN,STD,PERC,LOF
ISO,IQR,ZSB,KNN,STD,LOF,PERC
ISO,IQR,KNN,ZSB,STD,PERC,LOF
ISO,IQR,KNN,ZSB,STD,PERC,LOF
ISO,IQR,KNN,ZSB,STD,PERC,LOF
ISO,IQR,KNN,ZSB,STD,PERC,LOF
ISO,IQR,KNN,ZSB,STD,LOF,PERC
ISO,IQR,KNN,ZSB,STD,PERC,LOF
ISO,IQR,ZSB,KNN,STD,LOF,PERC
ISO,IQR,KNN,ZSB,STD,PERC,LOF
ZSB,IQR,KNN,ISO,LOF,PERC,STD
IQR,ZSB,KNN,ISO,STD,LOF,PERC
ZSB,IQR,KNN,ISO,LOF,STD,PERC
IQR,KNN,ZSB,ISO,STD,LOF,PERC
IQR,KNN,ZSB,ISO,STD,LOF,PERC
IQR,ZSB,KNN,ISO,STD,LOF,PERC
IQR,ZSB,KNN,ISO,STD,LOF,PERC
IQR,KNN,ZSB,ISO,STD,LOF,PERC
IQR,ZSB,KNN,ISO,STD,LOF,PERC
IQR,KNN,ZSB,ISO,STD,LOF,PERC
IQR,ZSB,KNN,ISO,STD,LOF,PERC
IQR,ZSB,KNN,ISO,STD,LOF,PERC
IQR,KNN,ZSB,ISO,STD,LOF,PERC
IQR,KNN,ZSB,ISO,STD,LOF,PERC
IQR,KNN,ZSB,ISO,STD,LOF,PERC
IQR,KNN,ZSB,ISO,STD,LOF,PERC
IQR,KNN,ZSB,ISO,STD,LOF,PERC
IQR,KNN,ZSB,ISO,STD,LOF,PERC
IQR,KNN,ZSB,ISO,STD,LOF,PERC
ZSB,KNN,IQR,ISO,LOF,PERC,STD
ZSB,IQR,KNN,ISO,LOF,PERC,STD
ZSB,IQR,KNN,ISO,LOF,PERC,STD
IQR,ZSB,KNN,ISO,LOF,PERC,STD
IQR,ZSB,KNN,ISO,LOF,PERC,STD
IQR,ZSB,KNN,ISO,LOF,PERC,STD
IQR,ZSB,KNN,ISO,LOF,PERC,STD
IQR,ZSB,KNN,ISO,LOF,PERC,STD
IQR,ZSB,KNN,ISO,LOF,PERC,STD
IQR,ZSB,KNN,ISO,LOF,PERC,STD
IQR,ZSB,KNN,ISO,LOF,PERC,STD
IQR,ZSB,KNN,ISO,LOF,PERC,STD
IQR,ZSB,KNN,ISO,LOF,PERC,STD
IQR,ZSB,KNN,ISO,LOF,PERC,STD
IQR,ZSB,KNN,ISO,LOF,PERC,STD
IQR,ZSB,KNN,ISO,LOF,PERC,STD
IQR,ZSB,KNN,ISO,LOF,PERC,STD
IQR,ZSB,KNN,ISO,LOF,PERC,STD
IQR,ZSB,KNN,ISO,LOF,PERC,STD
ZSB,IQR,KNN,ISO,LOF,PERC,STD
ZSB,KNN,IQR,ISO,LOF,PERC,STD
ZSB,IQR,KNN,ISO,LOF,PERC,STD
ZSB,IQR,KNN,ISO,LOF,PERC,STD
ZSB,IQR,KNN,ISO,LOF,PERC,STD
ZSB,IQR,KNN,ISO,LOF,PERC,STD
ZSB,IQR,KNN,ISO,LOF,PERC,STD
ZSB,IQR,KNN,ISO,LOF,PERC,STD
ZSB,IQR,KNN,ISO,LOF,PERC,STD
ZSB,IQR,KNN,ISO,LOF,PERC,STD
ZSB,IQR,KNN,ISO,LOF,PERC,STD
ZSB,IQR,KNN,ISO,LOF,PERC,STD
ZSB,IQR,KNN,ISO,LOF,PERC,STD
IQR,ZSB,KNN,ISO,LOF,PERC,STD
ZSB,IQR,KNN,ISO,LOF,PERC,STD
ZSB,IQR,KNN,ISO,LOF,PERC,STD
IQR,ZSB,KNN,ISO,LOF,PERC,STD
IQR,ZSB,KNN,ISO,LOF,PERC,STD
IQR,ZSB,KNN,ISO,LOF,PERC,STD
ZSB,KNN,IQR,ISO,LOF,PERC,STD
ZSB,KNN,IQR,ISO,LOF,PERC,STD
ZSB,KNN,IQR,ISO,LOF,PERC,STD
ZSB,KNN,IQR,ISO,LOF,PERC,STD
ZSB,KNN,IQR,ISO,LOF,PERC,STD
ZSB,IQR,KNN,ISO,LOF,PERC,STD
ZSB,IQR,KNN,ISO,LOF,PERC,STD
ZSB,IQR,KNN,ISO,LOF,PERC,STD
ZSB,KNN,IQR,ISO,LOF,PERC,STD
ZSB,KNN,IQR,ISO,LOF,PERC,STD
ZSB,KNN,IQR,ISO,LOF,PERC,STD
ZSB,IQR,KNN,ISO,LOF,PERC,STD
ZSB,IQR,KNN,ISO,LOF,PERC,STD
ZSB,IQR,KNN,ISO,LOF,PERC,STD
ZSB,IQR,KNN,ISO,LOF,PERC,STD
ZSB,IQR,KNN,ISO,LOF,PERC,STD
ZSB,IQR,KNN,ISO,LOF,PERC,STD
ZSB,IQR,KNN,ISO,LOF,PERC,STD
ZSB,IQR,KNN,ISO,LOF,PERC,STD
IQR,ZSB,ISO,KNN,STD,LOF,PERC
IQR,ZSB,ISO,KNN,STD,LOF,PERC
IQR,ISO,ZSB,KNN,STD,PERC,LOF
IQR,ISO,ZSB,KNN,STD,PERC,LOF
IQR,ZSB,ISO,KNN,STD,LOF,PERC
ISO,IQR,KNN,ZSB,STD,PERC,LOF
IQR,ISO,ZSB,KNN,STD,LOF,PERC
ISO,IQR,ZSB,KNN,STD,PERC,LOF
ISO,IQR,KNN,ZSB,STD,PERC,LOF
IQR,ISO,ZSB,KNN,STD,PERC,LOF
ISO,IQR,ZSB,KNN,STD,PERC,LOF
ISO,IQR,KNN,ZSB,STD,PERC,LOF
ISO,IQR,KNN,ZSB,STD,PERC,LOF
ISO,IQR,ZSB,KNN,STD,PERC,LOF
ISO,IQR,ZSB,KNN,STD,PERC,LOF
ISO,IQR,KNN,ZSB,STD,PERC,LOF
ISO,IQR,KNN,ZSB,STD,PERC,LOF
ISO,KNN,IQR,ZSB,STD,PERC,LOF
ISO,IQR,KNN,ZSB,STD,PERC,LOF
ZSB,IQR,KNN,ISO,LOF,PERC,STD
KNN,ZSB,IQR,ISO,STD,LOF,PERC
IQR,ZSB,KNN,ISO,STD,LOF,PERC
IQR,ZSB,KNN,ISO,STD,LOF,PERC
IQR,ZSB,KNN,ISO,STD,LOF,PERC
IQR,ZSB,KNN,ISO,STD,LOF,PERC
IQR,ZSB,KNN,ISO,STD,LOF,PERC
IQR,ZSB,KNN,ISO,STD,LOF,PERC
IQR,KNN,ZSB,ISO,STD,PERC,LOF
IQR,KNN,ZSB,ISO,STD,PERC,LOF
IQR,ZSB,KNN,ISO,STD,LOF,PERC
IQR,ZSB,KNN,ISO,STD,LOF,PERC
IQR,ZSB,KNN,ISO,STD,LOF,PERC
IQR,ZSB,KNN,ISO,STD,LOF,PERC
IQR,ZSB,KNN,ISO,STD,LOF,PERC
IQR,ZSB,KNN,ISO,STD,LOF,PERC
IQR,ZSB,KNN,ISO,STD,LOF,PERC
IQR,ZSB,KNN,ISO,STD,LOF,PERC
KNN,IQR,ZSB,ISO,STD,LOF,PERC
ZSB,IQR,KNN,ISO,LOF,PERC,STD
ZSB,IQR,KNN,ISO,LOF,PERC,STD
ZSB,IQR,KNN,ISO,LOF,PERC,STD
IQR,ZSB,KNN,ISO,LOF,PERC,STD
IQR,ZSB,KNN,ISO,LOF,PERC,STD
ZSB,IQR,KNN,ISO,LOF,PERC,STD
IQR,ZSB,KNN,ISO,LOF,PERC,STD
IQR,ZSB,KNN,ISO,LOF,PERC,STD
ZSB,IQR,KNN,ISO,LOF,PERC,STD
ZSB,IQR,KNN,ISO,LOF,PERC,STD
IQR,ZSB,KNN,ISO,LOF,PERC,STD
IQR,ZSB,KNN,ISO,LOF,PERC,STD
IQR,ZSB,KNN,ISO,LOF,PERC,STD
IQR,ZSB,KNN,ISO,LOF,PERC,STD
IQR,ZSB,KNN,ISO,LOF,PERC,STD
IQR,ZSB,KNN,ISO,LOF,PERC,STD
IQR,ZSB,KNN,ISO,LOF,PERC,STD
IQR,ZSB,KNN,ISO,LOF,PERC,STD
IQR,ZSB,KNN,ISO,LOF,PERC,STD
ZSB,IQR,KNN,ISO,LOF,PERC,STD
ZSB,IQR,KNN,ISO,LOF,PERC,STD
ZSB,IQR,KNN,ISO,LOF,PERC,STD
ZSB,IQR,KNN,ISO,LOF,PERC,STD
ZSB,IQR,KNN,ISO,LOF,PERC,STD
ZSB,IQR,KNN,ISO,LOF,PERC,STD
ZSB,IQR,KNN,ISO,LOF,PERC,STD
ZSB,IQR,KNN,ISO,LOF,PERC,STD
ZSB,IQR,KNN,ISO,LOF,PERC,STD
ZSB,IQR,KNN,ISO,LOF,PERC,STD
ZSB,IQR,KNN,ISO,LOF,PERC,STD
ZSB,IQR,KNN,ISO,LOF,PERC,STD
ZSB,IQR,KNN,ISO,LOF,PERC,STD
ZSB,IQR,KNN,ISO,LOF,PERC,STD
ZSB,IQR,KNN,ISO,LOF,PERC,STD
ZSB,IQR,KNN,ISO,LOF,PERC,STD
ZSB,IQR,KNN,ISO,LOF,PERC,STD
ZSB,IQR,KNN,ISO,LOF,PERC,STD
ZSB,IQR,KNN,ISO,LOF,PERC,STD
ZSB,KNN,IQR,ISO,LOF,PERC,STD
ZSB,KNN,IQR,ISO,LOF,PERC,STD
ZSB,KNN,IQR,ISO,LOF,PERC,STD
ZSB,KNN,IQR,ISO,LOF,PERC,STD
ZSB,KNN,IQR,ISO,LOF,PERC,STD
ZSB,KNN,IQR,ISO,LOF,PERC,STD
ZSB,KNN,IQR,ISO,LOF,PERC,STD
ZSB,KNN,IQR,ISO,LOF,PERC,STD
ZSB,KNN,IQR,ISO,LOF,PERC,STD
ZSB,KNN,IQR,ISO,LOF,PERC,STD
ZSB,KNN,IQR,ISO,LOF,PERC,STD
ZSB,KNN,IQR,ISO,LOF,PERC,STD
ZSB,IQR,KNN,ISO,LOF,PERC,STD
ZSB,IQR,KNN,ISO,LOF,PERC,STD
ZSB,IQR,KNN,ISO,LOF,PERC,STD
ZSB,IQR,KNN,ISO,LOF,PERC,STD
ZSB,IQR,KNN,ISO,LOF,PERC,STD
ZSB,IQR,KNN,ISO,LOF,PERC,STD
ZSB,IQR,KNN,ISO,LOF,PERC,STD
ISO,KNN,IQR,ZSB,LOF,STD,PERC
KNN,IQR,ZSB,ISO,LOF,STD,PERC
KNN,IQR,ZSB,ISO,LOF,STD,PERC
KNN,IQR,ZSB,ISO,LOF,STD,PERC
KNN,IQR,ZSB,ISO,LOF,STD,PERC
KNN,IQR,ISO,ZSB,LOF,STD,PERC
KNN,ISO,IQR,LOF,STD,ZSB,PERC
IQR,KNN,ISO,ZSB,STD,LOF,PERC
KNN,IQR,ISO,LOF,ZSB,STD,PERC
KNN,IQR,ZSB,ISO,LOF,STD,PERC
KNN,IQR,ISO,ZSB,LOF,STD,PERC
IQR,KNN,ZSB,ISO,LOF,STD,PERC
IQR,KNN,ZSB,ISO,LOF,STD,PERC
KNN,IQR,ZSB,ISO,LOF,STD,PERC
IQR,KNN,ZSB,ISO,LOF,STD,PERC
IQR,ISO,KNN,ZSB,STD,LOF,PERC
IQR,ISO,KNN,ZSB,STD,LOF,PERC
IQR,KNN,ISO,ZSB,LOF,STD,PERC
KNN,IQR,ISO,LOF,STD,ZSB,PERC
KNN,ZSB,IQR,ISO,LOF,PERC,STD
KNN,IQR,ZSB,ISO,LOF,PERC,STD
KNN,IQR,ZSB,ISO,LOF,PERC,STD
KNN,IQR,ZSB,ISO,LOF,STD,PERC
IQR,ZSB,KNN,ISO,STD,LOF,PERC
IQR,ZSB,KNN,ISO,STD,LOF,PERC
IQR,ZSB,ISO,KNN,STD,LOF,PERC
IQR,ZSB,KNN,ISO,LOF,STD,PERC
IQR,ZSB,KNN,ISO,LOF,STD,PERC
IQR,ZSB,KNN,ISO,LOF,STD,PERC
IQR,ZSB,KNN,ISO,STD,LOF,PERC
IQR,ZSB,KNN,ISO,LOF,STD,PERC
IQR,KNN,ZSB,ISO,LOF,STD,PERC
IQR,ZSB,KNN,ISO,STD,LOF,PERC
IQR,ZSB,KNN,ISO,STD,LOF,PERC
IQR,ZSB,KNN,ISO,STD,LOF,PERC
IQR,ZSB,KNN,ISO,STD,LOF,PERC
IQR,ZSB,KNN,ISO,STD,LOF,PERC
IQR,KNN,ZSB,ISO,STD,LOF,PERC
ZSB,IQR,KNN,ISO,LOF,PERC,STD
IQR,ZSB,KNN,ISO,LOF,PERC,STD
IQR,ZSB,KNN,ISO,LOF,PERC,STD
IQR,ZSB,KNN,ISO,LOF,PERC,STD
IQR,ZSB,KNN,ISO,LOF,PERC,STD
ZSB,KNN,IQR,ISO,LOF,PERC,STD
IQR,ZSB,KNN,ISO,LOF,PERC,STD
IQR,ZSB,ISO,KNN,LOF,PERC,STD
IQR,ZSB,KNN,ISO,LOF,PERC,STD
IQR,ZSB,ISO,KNN,LOF,PERC,STD
IQR,ZSB,KNN,ISO,LOF,PERC,STD
IQR,ZSB,KNN,ISO,LOF,PERC,STD
IQR,ZSB,ISO,KNN,LOF,STD,PERC
IQR,ZSB,KNN,ISO,LOF,PERC,STD
IQR,ZSB,KNN,ISO,LOF,PERC,STD
IQR,ZSB,KNN,ISO,LOF,PERC,STD
IQR,ZSB,KNN,ISO,LOF,PERC,STD
IQR,ZSB,KNN,ISO,LOF,PERC,STD
IQR,ZSB,KNN,ISO,LOF,PERC,STD
ZSB,IQR,KNN,ISO,LOF,PERC,STD
ZSB,IQR,KNN,ISO,LOF,PERC,STD
ZSB,KNN,IQR,ISO,LOF,PERC,STD
ZSB,IQR,KNN,ISO,LOF,PERC,STD
ZSB,IQR,KNN,ISO,LOF,PERC,STD
ZSB,IQR,KNN,ISO,LOF,PERC,STD
ZSB,IQR,KNN,ISO,LOF,PERC,STD
IQR,ZSB,KNN,ISO,LOF,PERC,STD
ZSB,IQR,KNN,ISO,LOF,PERC,STD
ZSB,IQR,KNN,ISO,LOF,PERC,STD
ZSB,IQR,KNN,ISO,LOF,PERC,STD
ZSB,IQR,KNN,ISO,LOF,PERC,STD
IQR,ZSB,KNN,ISO,LOF,PERC,STD
IQR,ZSB,KNN,ISO,LOF,PERC,STD
IQR,ZSB,KNN,ISO,LOF,PERC,STD
ZSB,IQR,KNN,ISO,LOF,PERC,STD
IQR,ZSB,KNN,ISO,LOF,PERC,STD
ZSB,IQR,KNN,ISO,LOF,PERC,STD
ZSB,IQR,KNN,ISO,LOF,PERC,STD
ZSB,KNN,IQR,ISO,LOF,PERC,STD
KNN,ZSB,IQR,ISO,LOF,PERC,STD
ZSB,KNN,IQR,ISO,LOF,PERC,STD
KNN,ZSB,IQR,ISO,LOF,PERC,STD
KNN,ZSB,IQR,ISO,LOF,PERC,STD
ZSB,IQR,KNN,ISO,LOF,PERC,STD
ZSB,IQR,KNN,ISO,LOF,PERC,STD
ZSB,KNN,IQR,ISO,LOF,PERC,STD
ZSB,IQR,KNN,ISO,LOF,PERC,STD
KNN,ZSB,IQR,ISO,LOF,PERC,STD
ZSB,IQR,KNN,ISO,LOF,PERC,STD
ZSB,IQR,KNN,ISO,LOF,PERC,STD
ZSB,IQR,KNN,ISO,LOF,PERC,STD
ZSB,IQR,KNN,ISO,LOF,PERC,STD
ZSB,IQR,KNN,ISO,LOF,PERC,STD
ZSB,IQR,KNN,ISO,LOF,PERC,STD
ZSB,IQR,KNN,ISO,LOF,PERC,STD
ZSB,IQR,KNN,ISO,LOF,PERC,STD
ZSB,IQR,KNN,ISO,LOF,PERC,STD
KNN,IQR,ZSB,ISO,LOF,STD,PERC
KNN,IQR,ZSB,ISO,LOF,STD,PERC
KNN,IQR,ZSB,ISO,STD,LOF,PERC
IQR,KNN,ZSB,ISO,STD,LOF,PERC
ISO,KNN,IQR,ZSB,STD,PERC,LOF
ISO,KNN,IQR,ZSB,STD,PERC,LOF
ISO,KNN,IQR,ZSB,STD,LOF,PERC
IQR,ISO,KNN,ZSB,STD,LOF,PERC
ISO,KNN,IQR,ZSB,STD,LOF,PERC
IQR,KNN,ISO,ZSB,STD,LOF,PERC
ISO,IQR,KNN,ZSB,STD,PERC,LOF
ISO,IQR,KNN,ZSB,STD,LOF,PERC
ISO,KNN,IQR,ZSB,STD,PERC,LOF
ISO,KNN,IQR,ZSB,STD,LOF,PERC
ISO,KNN,IQR,ZSB,STD,LOF,PERC
ISO,KNN,IQR,ZSB,STD,LOF,PERC
ISO,KNN,IQR,ZSB,STD,LOF,PERC
ISO,KNN,IQR,ZSB,STD,LOF,PERC
ISO,KNN,IQR,ZSB,STD,LOF,PERC
ZSB,IQR,KNN,ISO,LOF,PERC,STD
IQR,KNN,ZSB,ISO,STD,LOF,PERC
IQR,KNN,ZSB,ISO,LOF,STD,PERC
IQR,ZSB,KNN,ISO,STD,LOF,PERC
IQR,ZSB,ISO,KNN,LOF,STD,PERC
IQR,KNN,ZSB,ISO,STD,LOF,PERC
IQR,ZSB,KNN,ISO,STD,LOF,PERC
IQR,KNN,ZSB,ISO,STD,LOF,PERC
IQR,ZSB,KNN,ISO,STD,LOF,PERC
IQR,KNN,ZSB,ISO,STD,LOF,PERC
IQR,ZSB,KNN,ISO,STD,LOF,PERC
IQR,ZSB,KNN,ISO,STD,LOF,PERC
IQR,ZSB,KNN,ISO,STD,LOF,PERC
IQR,KNN,ZSB,ISO,STD,LOF,PERC
IQR,ZSB,KNN,ISO,STD,LOF,PERC
KNN,IQR,ZSB,ISO,STD,LOF,PERC
KNN,IQR,ZSB,ISO,STD,LOF,PERC
KNN,IQR,ZSB,ISO,STD,LOF,PERC
IQR,KNN,ZSB,ISO,STD,LOF,PERC
ZSB,IQR,KNN,ISO,LOF,PERC,STD
IQR,ZSB,KNN,ISO,LOF,PERC,STD
ZSB,IQR,KNN,ISO,LOF,PERC,STD
IQR,ZSB,KNN,ISO,LOF,PERC,STD
ZSB,IQR,KNN,ISO,LOF,PERC,STD
IQR,ZSB,KNN,ISO,LOF,PERC,STD
IQR,ZSB,KNN,ISO,LOF,PERC,STD
IQR,ZSB,KNN,ISO,LOF,PERC,STD
IQR,ZSB,KNN,ISO,LOF,PERC,STD
ZSB,IQR,KNN,ISO,LOF,PERC,STD
IQR,ZSB,KNN,ISO,LOF,PERC,STD
IQR,ZSB,KNN,ISO,LOF,PERC,STD
IQR,ZSB,KNN,ISO,LOF,PERC,STD
IQR,ZSB,KNN,ISO,LOF,PERC,STD
IQR,ZSB,KNN,ISO,LOF,PERC,STD
IQR,ZSB,KNN,ISO,LOF,PERC,STD
IQR,ZSB,KNN,ISO,LOF,PERC,STD
IQR,ZSB,KNN,ISO,LOF,PERC,STD
IQR,ZSB,KNN,ISO,LOF,PERC,STD
ZSB,IQR,KNN,ISO,LOF,PERC,STD
ZSB,IQR,KNN,ISO,LOF,PERC,STD
ZSB,IQR,KNN,ISO,LOF,PERC,STD
ZSB,IQR,KNN,ISO,LOF,PERC,STD
ZSB,IQR,KNN,ISO,LOF,PERC,STD
ZSB,IQR,KNN,ISO,LOF,PERC,STD
ZSB,IQR,KNN,ISO,LOF,PERC,STD
ZSB,IQR,KNN,ISO,LOF,PERC,STD
ZSB,IQR,KNN,ISO,LOF,PERC,STD
ZSB,IQR,KNN,ISO,LOF,PERC,STD
ZSB,IQR,KNN,ISO,LOF,PERC,STD
IQR,ZSB,KNN,ISO,LOF,PERC,STD
ZSB,IQR,KNN,ISO,LOF,PERC,STD
ZSB,IQR,KNN,ISO,LOF,PERC,STD
ZSB,IQR,KNN,ISO,LOF,PERC,STD
ZSB,IQR,KNN,ISO,LOF,PERC,STD
ZSB,IQR,KNN,ISO,LOF,PERC,STD
ZSB,IQR,KNN,ISO,LOF,PERC,STD
ZSB,IQR,KNN,ISO,LOF,PERC,STD
KNN,ZSB,IQR,ISO,LOF,PERC,STD
KNN,ZSB,IQR,ISO,LOF,PERC,STD
KNN,ZSB,IQR,ISO,LOF,PERC,STD
KNN,ZSB,IQR,ISO,LOF,PERC,STD
ZSB,KNN,IQR,ISO,LOF,PERC,STD
ZSB,IQR,KNN,ISO,LOF,PERC,STD
ZSB,IQR,KNN,ISO,LOF,PERC,STD
ZSB,IQR,KNN,ISO,LOF,PERC,STD
ZSB,KNN,IQR,ISO,LOF,PERC,STD
ZSB,IQR,KNN,ISO,LOF,PERC,STD
ZSB,KNN,IQR,ISO,LOF,PERC,STD
ZSB,IQR,KNN,ISO,LOF,PERC,STD
ZSB,IQR,KNN,ISO,LOF,PERC,STD
ZSB,IQR,KNN,ISO,LOF,PERC,STD
ZSB,IQR,KNN,ISO,LOF,PERC,STD
ZSB,IQR,KNN,ISO,LOF,PERC,STD
ZSB,IQR,KNN,ISO,LOF,PERC,STD
ZSB,IQR,KNN,ISO,LOF,PERC,STD
ZSB,IQR,KNN,ISO,LOF,PERC,STD
KNN,IQR,ZSB,ISO,LOF,STD,PERC
KNN,IQR,ISO,ZSB,STD,LOF,PERC
KNN,IQR,ISO,ZSB,STD,LOF,PERC
KNN,ISO,IQR,ZSB,STD,LOF,PERC
ISO,KNN,IQR,ZSB,STD,LOF,PERC
KNN,IQR,ISO,ZSB,STD,LOF,PERC
ISO,KNN,IQR,ZSB,STD,PERC,LOF
ISO,KNN,IQR,ZSB,STD,LOF,PERC
IQR,ISO,KNN,ZSB,STD,LOF,PERC
KNN,IQR,ZSB,ISO,LOF,STD,PERC
ISO,KNN,IQR,ZSB,STD,PERC,LOF
IQR,KNN,ZSB,ISO,LOF,STD,PERC
ISO,KNN,IQR,ZSB,STD,PERC,LOF
ISO,KNN,IQR,ZSB,STD,LOF,PERC
ISO,KNN,IQR,ZSB,STD,LOF,PERC
ISO,KNN,IQR,ZSB,STD,LOF,PERC
ISO,KNN,IQR,ZSB,STD,LOF,PERC
ISO,KNN,IQR,ZSB,STD,LOF,PERC
ISO,KNN,IQR,ZSB,STD,LOF,PERC
KNN,ZSB,IQR,ISO,LOF,PERC,STD
IQR,ZSB,KNN,ISO,LOF,STD,PERC
IQR,KNN,ZSB,ISO,LOF,PERC,STD
IQR,KNN,ZSB,ISO,STD,LOF,PERC
IQR,KNN,ZSB,ISO,STD,LOF,PERC
IQR,ZSB,KNN,ISO,STD,LOF,PERC
IQR,KNN,ZSB,ISO,STD,LOF,PERC
IQR,KNN,ZSB,ISO,STD,LOF,PERC
IQR,KNN,ZSB,ISO,STD,LOF,PERC
IQR,KNN,ZSB,ISO,STD,LOF,PERC
IQR,KNN,ZSB,ISO,STD,LOF,PERC
IQR,KNN,ZSB,ISO,STD,LOF,PERC
IQR,ZSB,KNN,ISO,STD,LOF,PERC
IQR,ZSB,KNN,ISO,STD,LOF,PERC
IQR,KNN,ZSB,ISO,STD,LOF,PERC
KNN,IQR,ZSB,ISO,STD,PERC,LOF
KNN,IQR,ZSB,ISO,STD,LOF,PERC
IQR,KNN,ZSB,ISO,STD,PERC,LOF
IQR,KNN,ZSB,ISO,LOF,STD,PERC
ZSB,IQR,KNN,ISO,LOF,PERC,STD
IQR,ZSB,KNN,ISO,LOF,PERC,STD
IQR,ZSB,KNN,ISO,LOF,PERC,STD
IQR,ZSB,KNN,ISO,LOF,PERC,STD
IQR,ZSB,KNN,ISO,LOF,PERC,STD
ZSB,IQR,KNN,ISO,LOF,PERC,STD
IQR,ZSB,KNN,ISO,LOF,PERC,STD
IQR,ZSB,KNN,ISO,LOF,PERC,STD
ZSB,IQR,KNN,ISO,LOF,PERC,STD
ZSB,IQR,KNN,ISO,LOF,PERC,STD
IQR,ZSB,KNN,ISO,LOF,PERC,STD
IQR,ZSB,KNN,ISO,LOF,PERC,STD
IQR,ZSB,KNN,ISO,LOF,STD,PERC
IQR,ZSB,KNN,ISO,LOF,PERC,STD
IQR,ZSB,KNN,ISO,LOF,PERC,STD
IQR,ZSB,KNN,ISO,LOF,PERC,STD
IQR,ZSB,KNN,ISO,LOF,PERC,STD
IQR,ZSB,KNN,ISO,LOF,PERC,STD
IQR,ZSB,KNN,ISO,LOF,PERC,STD
KNN,ZSB,IQR,ISO,LOF,PERC,STD
ZSB,KNN,IQR,ISO,LOF,PERC,STD
ZSB,KNN,IQR,ISO,LOF,PERC,STD
ZSB,IQR,KNN,ISO,LOF,PERC,STD
ZSB,IQR,KNN,ISO,LOF,PERC,STD
ZSB,IQR,KNN,ISO,LOF,PERC,STD
ZSB,IQR,KNN,ISO,LOF,PERC,STD
ZSB,IQR,KNN,ISO,LOF,PERC,STD
ZSB,IQR,KNN,ISO,LOF,PERC,STD
ZSB,IQR,KNN,ISO,LOF,PERC,STD
ZSB,IQR,KNN,ISO,LOF,PERC,STD
IQR,ZSB,KNN,ISO,LOF,PERC,STD
ZSB,IQR,KNN,ISO,LOF,PERC,STD
IQR,ZSB,KNN,ISO,LOF,PERC,STD
IQR,ZSB,KNN,ISO,LOF,PERC,STD
ZSB,IQR,KNN,ISO,LOF,PERC,STD
ZSB,IQR,KNN,ISO,LOF,PERC,STD
IQR,ZSB,KNN,ISO,LOF,PERC,STD
IQR,ZSB,KNN,ISO,LOF,PERC,STD
ZSB,KNN,IQR,ISO,LOF,PERC,STD
KNN,ZSB,IQR,ISO,LOF,PERC,STD
KNN,ZSB,IQR,ISO,LOF,PERC,STD
KNN,ZSB,IQR,ISO,LOF,PERC,STD
KNN,ZSB,IQR,ISO,LOF,PERC,STD
ZSB,KNN,IQR,ISO,LOF,PERC,STD
KNN,ZSB,IQR,ISO,LOF,PERC,STD
ZSB,KNN,IQR,ISO,LOF,PERC,STD
ZSB,IQR,KNN,ISO,LOF,PERC,STD
KNN,ZSB,IQR,ISO,LOF,PERC,STD
ZSB,IQR,KNN,ISO,LOF,PERC,STD
ZSB,IQR,KNN,ISO,LOF,PERC,STD
ZSB,IQR,KNN,ISO,LOF,PERC,STD
ZSB,IQR,KNN,ISO,LOF,PERC,STD
ZSB,IQR,KNN,ISO,LOF,PERC,STD
ZSB,IQR,KNN,ISO,LOF,PERC,STD
ZSB,IQR,KNN,ISO,LOF,PERC,STD
ZSB,IQR,KNN,ISO,LOF,PERC,STD
ZSB,IQR,KNN,ISO,LOF,PERC,STD
ISO,KNN,IQR,ZSB,STD,LOF,PERC
KNN,ISO,IQR,ZSB,STD,LOF,PERC
KNN,ISO,IQR,ZSB,STD,LOF,PERC
KNN,ISO,IQR,ZSB,STD,LOF,PERC
KNN,ISO,IQR,ZSB,STD,LOF,PERC
KNN,ISO,IQR,ZSB,STD,LOF,PERC
KNN,ISO,IQR,ZSB,STD,LOF,PERC
ISO,KNN,IQR,ZSB,STD,LOF,PERC
KNN,ISO,IQR,ZSB,STD,LOF,PERC
KNN,ISO,IQR,ZSB,STD,LOF,PERC
KNN,ISO,IQR,ZSB,STD,LOF,PERC
KNN,ISO,IQR,ZSB,STD,LOF,PERC
ISO,KNN,IQR,ZSB,STD,LOF,PERC
KNN,ISO,IQR,ZSB,STD,LOF,PERC
KNN,ISO,IQR,ZSB,STD,LOF,PERC
KNN,ISO,IQR,ZSB,STD,LOF,PERC
KNN,ISO,IQR,ZSB,STD,LOF,PERC
KNN,ISO,IQR,ZSB,STD,LOF,PERC
KNN,ISO,IQR,ZSB,STD,LOF,PERC
KNN,ZSB,IQR,ISO,LOF,STD,PERC
KNN,ZSB,IQR,ISO,LOF,PERC,STD
KNN,ZSB,IQR,ISO,LOF,PERC,STD
KNN,IQR,ZSB,ISO,STD,LOF,PERC
KNN,IQR,ZSB,ISO,STD,LOF,PERC
KNN,IQR,ZSB,ISO,LOF,STD,PERC
KNN,IQR,ZSB,ISO,LOF,STD,PERC
KNN,IQR,ZSB,ISO,STD,LOF,PERC
KNN,IQR,ZSB,ISO,STD,LOF,PERC
KNN,IQR,ZSB,ISO,STD,LOF,PERC
KNN,IQR,ZSB,ISO,STD,LOF,PERC
KNN,IQR,ZSB,ISO,STD,LOF,PERC
KNN,IQR,ZSB,ISO,STD,LOF,PERC
IQR,KNN,ZSB,ISO,STD,LOF,PERC
KNN,IQR,ZSB,ISO,STD,LOF,PERC
KNN,IQR,ZSB,ISO,STD,LOF,PERC
KNN,IQR,ZSB,ISO,LOF,STD,PERC
KNN,IQR,ZSB,ISO,STD,LOF,PERC
KNN,IQR,ZSB,ISO,LOF,STD,PERC
KNN,ZSB,IQR,ISO,LOF,PERC,STD
KNN,ZSB,IQR,ISO,LOF,PERC,STD
ZSB,KNN,IQR,ISO,LOF,PERC,STD
ZSB,KNN,IQR,ISO,LOF,PERC,STD
ZSB,KNN,IQR,ISO,LOF,PERC,STD
KNN,ZSB,IQR,ISO,LOF,PERC,STD
KNN,ZSB,IQR,ISO,LOF,PERC,STD
ZSB,IQR,KNN,ISO,LOF,PERC,STD
KNN,ZSB,IQR,ISO,LOF,PERC,STD
ZSB,IQR,KNN,ISO,LOF,PERC,STD
KNN,ZSB,IQR,ISO,LOF,PERC,STD
IQR,ZSB,KNN,ISO,LOF,PERC,STD
ZSB,IQR,KNN,ISO,LOF,PERC,STD
KNN,ZSB,IQR,ISO,LOF,PERC,STD
IQR,ZSB,KNN,ISO,LOF,PERC,STD
IQR,ZSB,KNN,ISO,LOF,PERC,STD
KNN,IQR,ZSB,ISO,LOF,PERC,STD
IQR,KNN,ZSB,ISO,LOF,PERC,STD
KNN,IQR,ZSB,ISO,LOF,PERC,STD
ZSB,KNN,IQR,ISO,LOF,PERC,STD
ZSB,IQR,KNN,ISO,LOF,PERC,STD
ZSB,IQR,KNN,ISO,LOF,PERC,STD
ZSB,IQR,KNN,ISO,LOF,PERC,STD
ZSB,IQR,KNN,ISO,LOF,PERC,STD
KNN,ZSB,IQR,ISO,LOF,PERC,STD
ZSB,IQR,KNN,ISO,LOF,PERC,STD
ZSB,IQR,KNN,ISO,LOF,PERC,STD
ZSB,KNN,IQR,ISO,LOF,PERC,STD
ZSB,KNN,IQR,ISO,LOF,PERC,STD
ZSB,IQR,KNN,ISO,LOF,PERC,STD
ZSB,IQR,KNN,ISO,LOF,PERC,STD
ZSB,IQR,KNN,ISO,LOF,PERC,STD
IQR,ZSB,KNN,ISO,LOF,PERC,STD
ZSB,IQR,KNN,ISO,LOF,PERC,STD
ZSB,IQR,KNN,ISO,LOF,PERC,STD
IQR,ZSB,KNN,ISO,LOF,PERC,STD
IQR,ZSB,KNN,ISO,LOF,PERC,STD
IQR,ZSB,KNN,ISO,LOF,PERC,STD
ZSB,KNN,IQR,ISO,LOF,PERC,STD
ZSB,KNN,IQR,ISO,LOF,PERC,STD
ZSB,KNN,IQR,ISO,LOF,PERC,STD
ZSB,KNN,IQR,ISO,LOF,PERC,STD
ZSB,KNN,IQR,ISO,LOF,PERC,STD
ZSB,KNN,IQR,ISO,LOF,PERC,STD
ZSB,KNN,IQR,ISO,LOF,PERC,STD
ZSB,KNN,IQR,ISO,LOF,PERC,STD
ZSB,KNN,IQR,ISO,LOF,PERC,STD
ZSB,IQR,KNN,ISO,LOF,PERC,STD
ZSB,KNN,IQR,ISO,LOF,PERC,STD
ZSB,IQR,KNN,ISO,LOF,PERC,STD
ZSB,IQR,KNN,ISO,LOF,PERC,STD
ZSB,IQR,KNN,ISO,LOF,PERC,STD
ZSB,IQR,KNN,ISO,LOF,PERC,STD
ZSB,IQR,KNN,ISO,LOF,PERC,STD
ZSB,IQR,KNN,ISO,LOF,PERC,STD
ZSB,IQR,KNN,ISO,LOF,PERC,STD
ZSB,IQR,KNN,ISO,LOF,PERC,STD
ZSB,KNN,ISO,IQR,LOF,STD,PERC
ZSB,ISO,IQR,KNN,LOF,STD,PERC
ZSB,ISO,IQR,KNN,LOF,STD,PERC
IQR,ISO,ZSB,STD,LOF,PERC,KNN
IQR,ISO,ZSB,STD,LOF,PERC,KNN
IQR,ISO,ZSB,STD,LOF,PERC,KNN
IQR,ISO,ZSB,STD,LOF,PERC,KNN
IQR,ISO,ZSB,STD,LOF,PERC,KNN
IQR,ISO,ZSB,LOF,STD,PERC,KNN
IQR,ISO,ZSB,STD,LOF,PERC,KNN
IQR,ISO,ZSB,STD,LOF,PERC,KNN
IQR,ISO,ZSB,STD,LOF,PERC,KNN
IQR,ISO,ZSB,STD,LOF,PERC,KNN
IQR,ISO,ZSB,STD,LOF,KNN,PERC
IQR,ISO,ZSB,STD,LOF,PERC,KNN
IQR,ISO,ZSB,STD,LOF,PERC,KNN
IQR,ISO,ZSB,STD,LOF,PERC,KNN
IQR,ISO,ZSB,STD,LOF,PERC,KNN
IQR,ISO,ZSB,STD,LOF,PERC,KNN
ZSB,IQR,ISO,KNN,LOF,STD,PERC
IQR,ZSB,ISO,KNN,LOF,STD,PERC
IQR,ZSB,ISO,KNN,LOF,STD,PERC
IQR,ZSB,KNN,ISO,STD,LOF,PERC
IQR,ZSB,KNN,ISO,LOF,STD,PERC
IQR,ZSB,KNN,ISO,LOF,STD,PERC
IQR,ZSB,KNN,ISO,STD,LOF,PERC
IQR,ZSB,ISO,KNN,LOF,STD,PERC
IQR,ZSB,KNN,ISO,STD,LOF,PERC
IQR,ZSB,KNN,ISO,STD,LOF,PERC
IQR,ZSB,ISO,KNN,LOF,STD,PERC
IQR,ZSB,ISO,KNN,LOF,STD,PERC
IQR,ZSB,ISO,KNN,LOF,STD,PERC
IQR,ZSB,KNN,ISO,STD,LOF,PERC
IQR,ZSB,KNN,ISO,STD,LOF,PERC
IQR,ZSB,KNN,ISO,STD,LOF,PERC
IQR,ZSB,ISO,KNN,LOF,STD,PERC
IQR,ZSB,KNN,ISO,STD,LOF,PERC
IQR,ZSB,KNN,ISO,LOF,STD,PERC
ZSB,IQR,KNN,ISO,LOF,PERC,STD
ZSB,IQR,KNN,ISO,LOF,PERC,STD
ZSB,IQR,KNN,ISO,LOF,PERC,STD
IQR,ZSB,KNN,ISO,LOF,PERC,STD
IQR,ZSB,KNN,ISO,LOF,PERC,STD
IQR,ZSB,KNN,ISO,LOF,PERC,STD
IQR,ZSB,KNN,ISO,LOF,PERC,STD
IQR,ZSB,KNN,ISO,LOF,PERC,STD
IQR,ZSB,KNN,ISO,LOF,PERC,STD
IQR,ZSB,KNN,ISO,LOF,PERC,STD
ZSB,IQR,KNN,ISO,LOF,PERC,STD
IQR,ZSB,KNN,ISO,LOF,PERC,STD
IQR,ZSB,KNN,ISO,LOF,PERC,STD
IQR,ZSB,KNN,ISO,LOF,PERC,STD
IQR,ZSB,KNN,ISO,LOF,PERC,STD
IQR,ZSB,KNN,ISO,LOF,PERC,STD
IQR,ZSB,KNN,ISO,LOF,PERC,STD
IQR,ZSB,KNN,ISO,LOF,PERC,STD
IQR,ZSB,KNN,ISO,LOF,PERC,STD
KNN,ZSB,IQR,ISO,LOF,PERC,STD
ZSB,KNN,IQR,ISO,LOF,PERC,STD
KNN,ZSB,IQR,ISO,LOF,PERC,STD
KNN,ZSB,IQR,ISO,LOF,PERC,STD
KNN,ZSB,IQR,ISO,LOF,PERC,STD
KNN,ZSB,IQR,ISO,LOF,PERC,STD
KNN,ZSB,IQR,ISO,LOF,PERC,STD
ZSB,IQR,KNN,ISO,LOF,PERC,STD
ZSB,IQR,KNN,ISO,LOF,PERC,STD
KNN,ZSB,IQR,ISO,LOF,PERC,STD
ZSB,IQR,KNN,ISO,LOF,PERC,STD
KNN,IQR,ZSB,ISO,LOF,PERC,STD
IQR,KNN,ZSB,ISO,LOF,PERC,STD
KNN,IQR,ZSB,ISO,LOF,PERC,STD
IQR,ZSB,KNN,ISO,LOF,PERC,STD
IQR,KNN,ZSB,ISO,LOF,PERC,STD
KNN,IQR,ZSB,ISO,LOF,PERC,STD
IQR,ZSB,KNN,ISO,LOF,PERC,STD
IQR,ZSB,KNN,ISO,LOF,PERC,STD
KNN,ZSB,IQR,ISO,LOF,PERC,STD
KNN,ZSB,IQR,ISO,LOF,PERC,STD
KNN,ZSB,IQR,ISO,LOF,PERC,STD
KNN,ZSB,IQR,ISO,LOF,PERC,STD
KNN,ZSB,IQR,ISO,LOF,PERC,STD
KNN,ZSB,IQR,ISO,LOF,PERC,STD
KNN,ZSB,IQR,ISO,LOF,PERC,STD
KNN,ZSB,IQR,ISO,LOF,PERC,STD
KNN,ZSB,IQR,ISO,LOF,PERC,STD
KNN,ZSB,IQR,ISO,LOF,PERC,STD
KNN,ZSB,IQR,ISO,LOF,PERC,STD
KNN,ZSB,IQR,ISO,LOF,PERC,STD
KNN,ZSB,IQR,ISO,LOF,PERC,STD
KNN,ZSB,IQR,ISO,LOF,PERC,STD
KNN,ZSB,IQR,ISO,LOF,PERC,STD
KNN,ZSB,IQR,ISO,LOF,PERC,STD
KNN,ZSB,IQR,ISO,LOF,PERC,STD
ZSB,IQR,KNN,ISO,LOF,PERC,STD
ZSB,KNN,IQR,ISO,LOF,PERC,STD
ZSB,IQR,ISO,KNN,LOF,STD,PERC
ZSB,IQR,ISO,KNN,LOF,STD,PERC
IQR,ZSB,ISO,LOF,STD,KNN,PERC
IQR,ZSB,ISO,LOF,STD,PERC,KNN
IQR,ZSB,ISO,STD,LOF,KNN,PERC
IQR,ZSB,ISO,LOF,STD,PERC,KNN
IQR,ISO,ZSB,STD,LOF,KNN,PERC
IQR,ISO,ZSB,LOF,STD,PERC,KNN
IQR,ISO,ZSB,STD,LOF,PERC,KNN
IQR,ISO,ZSB,STD,LOF,KNN,PERC
IQR,ISO,ZSB,STD,LOF,PERC,KNN
IQR,ISO,ZSB,STD,KNN,LOF,PERC
IQR,ISO,ZSB,STD,LOF,KNN,PERC
ISO,IQR,ZSB,STD,LOF,KNN,PERC
IQR,ISO,ZSB,STD,LOF,KNN,PERC
IQR,ISO,ZSB,STD,LOF,KNN,PERC
ISO,IQR,ZSB,STD,LOF,KNN,PERC
IQR,ISO,ZSB,STD,LOF,PERC,KNN
IQR,ISO,ZSB,STD,KNN,LOF,PERC
IQR,ZSB,ISO,KNN,LOF,STD,PERC
ZSB,IQR,ISO,KNN,LOF,PERC,STD
IQR,ZSB,KNN,ISO,LOF,STD,PERC
IQR,ZSB,ISO,KNN,LOF,STD,PERC
IQR,ZSB,ISO,KNN,LOF,STD,PERC
IQR,ZSB,ISO,KNN,LOF,STD,PERC
IQR,ZSB,ISO,KNN,LOF,STD,PERC
IQR,ZSB,ISO,KNN,LOF,STD,PERC
IQR,ZSB,ISO,KNN,LOF,STD,PERC
IQR,ZSB,ISO,KNN,LOF,STD,PERC
IQR,ZSB,ISO,KNN,LOF,STD,PERC
IQR,ZSB,KNN,ISO,STD,LOF,PERC
IQR,ZSB,KNN,ISO,LOF,STD,PERC
IQR,ZSB,ISO,KNN,LOF,STD,PERC
IQR,ZSB,ISO,KNN,LOF,STD,PERC
IQR,ZSB,KNN,ISO,STD,LOF,PERC
IQR,ZSB,KNN,ISO,STD,LOF,PERC
IQR,KNN,ZSB,ISO,STD,LOF,PERC
IQR,ZSB,ISO,KNN,LOF,STD,PERC
ZSB,IQR,KNN,ISO,LOF,PERC,STD
ZSB,IQR,KNN,ISO,LOF,PERC,STD
ZSB,IQR,KNN,ISO,LOF,PERC,STD
ZSB,IQR,KNN,ISO,LOF,PERC,STD
ZSB,IQR,KNN,ISO,LOF,PERC,STD
ZSB,IQR,KNN,ISO,LOF,PERC,STD
ZSB,IQR,KNN,ISO,LOF,PERC,STD
ZSB,IQR,KNN,ISO,LOF,PERC,STD
ZSB,IQR,KNN,ISO,LOF,PERC,STD
IQR,ZSB,KNN,ISO,LOF,PERC,STD
ZSB,IQR,KNN,ISO,LOF,PERC,STD
IQR,ZSB,KNN,ISO,LOF,PERC,STD
IQR,ZSB,KNN,ISO,LOF,PERC,STD
IQR,ZSB,KNN,ISO,LOF,PERC,STD
IQR,ZSB,KNN,ISO,LOF,PERC,STD
IQR,ZSB,KNN,ISO,LOF,PERC,STD
IQR,ZSB,KNN,ISO,LOF,PERC,STD
IQR,ZSB,KNN,ISO,LOF,PERC,STD
IQR,ZSB,KNN,ISO,LOF,PERC,STD
ZSB,IQR,KNN,ISO,LOF,PERC,STD
ZSB,IQR,KNN,ISO,LOF,PERC,STD
ZSB,IQR,KNN,ISO,LOF,PERC,STD
KNN,ZSB,IQR,ISO,LOF,PERC,STD
KNN,ZSB,IQR,ISO,LOF,PERC,STD
ZSB,IQR,KNN,ISO,LOF,PERC,STD
ZSB,KNN,IQR,ISO,LOF,PERC,STD
KNN,ZSB,IQR,ISO,LOF,PERC,STD
ZSB,KNN,IQR,ISO,LOF,PERC,STD
KNN,ZSB,IQR,ISO,LOF,PERC,STD
ZSB,IQR,KNN,ISO,LOF,PERC,STD
ZSB,IQR,KNN,ISO,LOF,PERC,STD
KNN,ZSB,IQR,ISO,LOF,PERC,STD
KNN,ZSB,IQR,ISO,LOF,PERC,STD
IQR,ZSB,KNN,ISO,LOF,PERC,STD
KNN,ZSB,IQR,ISO,LOF,PERC,STD
KNN,IQR,ZSB,ISO,LOF,PERC,STD
IQR,KNN,ZSB,ISO,LOF,PERC,STD
KNN,IQR,ZSB,ISO,LOF,PERC,STD
KNN,ZSB,IQR,ISO,LOF,PERC,STD
KNN,ZSB,IQR,ISO,LOF,PERC,STD
KNN,ZSB,IQR,ISO,LOF,PERC,STD
KNN,ZSB,IQR,ISO,LOF,PERC,STD
KNN,ZSB,IQR,ISO,LOF,PERC,STD
KNN,ZSB,IQR,ISO,LOF,PERC,STD
KNN,ZSB,IQR,ISO,LOF,PERC,STD
KNN,ZSB,IQR,ISO,LOF,PERC,STD
KNN,ZSB,IQR,ISO,LOF,PERC,STD
KNN,ZSB,IQR,ISO,LOF,PERC,STD
KNN,ZSB,IQR,ISO,LOF,PERC,STD
KNN,ZSB,IQR,ISO,LOF,PERC,STD
KNN,ZSB,IQR,ISO,LOF,PERC,STD
KNN,ZSB,IQR,ISO,LOF,PERC,STD
KNN,ZSB,IQR,ISO,LOF,PERC,STD
ZSB,IQR,KNN,ISO,LOF,PERC,STD
KNN,ZSB,IQR,ISO,LOF,PERC,STD
KNN,ZSB,IQR,ISO,LOF,PERC,STD
KNN,ZSB,IQR,ISO,LOF,PERC,STD
KNN,ZSB,ISO,IQR,LOF,PERC,STD
KNN,ZSB,ISO,IQR,LOF,STD,PERC
IQR,ZSB,ISO,KNN,STD,LOF,PERC
IQR,ZSB,ISO,STD,LOF,KNN,PERC
IQR,ISO,ZSB,STD,LOF,KNN,PERC
IQR,ISO,ZSB,STD,LOF,KNN,PERC
IQR,ISO,ZSB,STD,LOF,KNN,PERC
IQR,ISO,ZSB,STD,LOF,KNN,PERC
IQR,ISO,ZSB,STD,LOF,KNN,PERC
IQR,ISO,ZSB,STD,LOF,PERC,KNN
IQR,ISO,ZSB,STD,LOF,KNN,PERC
IQR,ISO,ZSB,STD,LOF,KNN,PERC
IQR,ISO,ZSB,STD,LOF,KNN,PERC
IQR,ISO,ZSB,STD,LOF,KNN,PERC
IQR,ISO,ZSB,STD,LOF,KNN,PERC
IQR,ISO,ZSB,STD,LOF,KNN,PERC
IQR,ISO,ZSB,STD,LOF,KNN,PERC
IQR,ISO,ZSB,STD,LOF,PERC,KNN
IQR,ISO,ZSB,STD,LOF,PERC,KNN
ZSB,IQR,KNN,ISO,LOF,PERC,STD
IQR,ZSB,KNN,ISO,LOF,PERC,STD
IQR,ZSB,KNN,ISO,LOF,STD,PERC
ZSB,IQR,KNN,ISO,LOF,STD,PERC
IQR,ZSB,KNN,ISO,LOF,STD,PERC
IQR,ZSB,KNN,ISO,STD,LOF,PERC
IQR,ZSB,KNN,ISO,STD,LOF,PERC
IQR,ZSB,KNN,ISO,STD,LOF,PERC
IQR,ZSB,KNN,ISO,STD,LOF,PERC
IQR,ZSB,KNN,ISO,STD,LOF,PERC
IQR,ZSB,KNN,ISO,LOF,STD,PERC
IQR,ZSB,KNN,ISO,STD,LOF,PERC
IQR,ZSB,KNN,ISO,STD,LOF,PERC
IQR,ZSB,KNN,ISO,STD,LOF,PERC
IQR,ZSB,KNN,ISO,STD,LOF,PERC
IQR,ZSB,KNN,ISO,STD,LOF,PERC
IQR,ZSB,KNN,ISO,LOF,STD,PERC
IQR,ZSB,KNN,ISO,STD,LOF,PERC
IQR,ZSB,KNN,ISO,STD,LOF,PERC
ZSB,IQR,KNN,ISO,LOF,PERC,STD
ZSB,IQR,KNN,ISO,LOF,PERC,STD
ZSB,IQR,KNN,ISO,LOF,PERC,STD
IQR,ZSB,KNN,ISO,LOF,PERC,STD
IQR,ZSB,KNN,ISO,LOF,PERC,STD
IQR,ZSB,KNN,ISO,LOF,PERC,STD
ZSB,IQR,KNN,ISO,LOF,PERC,STD
IQR,ZSB,KNN,ISO,LOF,PERC,STD
ZSB,IQR,KNN,ISO,LOF,PERC,STD
IQR,ZSB,KNN,ISO,LOF,PERC,STD
ZSB,IQR,KNN,ISO,LOF,PERC,STD
ZSB,IQR,KNN,ISO,LOF,PERC,STD
IQR,ZSB,KNN,ISO,LOF,PERC,STD
IQR,ZSB,KNN,ISO,LOF,PERC,STD
IQR,ZSB,KNN,ISO,LOF,PERC,STD
IQR,KNN,ZSB,ISO,LOF,PERC,STD
IQR,ZSB,KNN,ISO,LOF,PERC,STD
IQR,ZSB,KNN,ISO,LOF,PERC,STD
IQR,ZSB,KNN,ISO,LOF,PERC,STD
KNN,ZSB,IQR,ISO,LOF,PERC,STD
ZSB,IQR,KNN,ISO,LOF,PERC,STD
KNN,ZSB,IQR,ISO,LOF,PERC,STD
KNN,ZSB,IQR,ISO,LOF,PERC,STD
ZSB,KNN,IQR,ISO,LOF,PERC,STD
ZSB,IQR,KNN,ISO,LOF,PERC,STD
KNN,ZSB,IQR,ISO,LOF,PERC,STD
ZSB,KNN,IQR,ISO,LOF,PERC,STD
ZSB,KNN,IQR,ISO,LOF,PERC,STD
KNN,ZSB,IQR,ISO,LOF,PERC,STD
ZSB,IQR,KNN,ISO,LOF,PERC,STD
ZSB,IQR,KNN,ISO,LOF,PERC,STD
ZSB,IQR,KNN,ISO,LOF,PERC,STD
KNN,ZSB,IQR,ISO,LOF,PERC,STD
IQR,ZSB,KNN,ISO,LOF,PERC,STD
KNN,ZSB,IQR,ISO,LOF,PERC,STD
KNN,ZSB,IQR,ISO,LOF,PERC,STD
IQR,KNN,ZSB,ISO,LOF,PERC,STD
IQR,ZSB,KNN,ISO,LOF,PERC,STD
KNN,ZSB,IQR,ISO,LOF,PERC,STD
KNN,ZSB,IQR,ISO,LOF,PERC,STD
KNN,ZSB,IQR,ISO,LOF,PERC,STD
KNN,ZSB,IQR,ISO,LOF,PERC,STD
KNN,ZSB,IQR,ISO,LOF,PERC,STD
KNN,ZSB,IQR,ISO,LOF,PERC,STD
KNN,ZSB,IQR,ISO,LOF,PERC,STD
KNN,ZSB,IQR,ISO,LOF,PERC,STD
KNN,ZSB,IQR,ISO,LOF,PERC,STD
KNN,ZSB,IQR,ISO,LOF,PERC,STD
KNN,ZSB,IQR,ISO,LOF,PERC,STD
KNN,ZSB,IQR,ISO,LOF,PERC,STD
KNN,ZSB,IQR,ISO,LOF,PERC,STD
KNN,ZSB,IQR,ISO,LOF,PERC,STD
KNN,ZSB,IQR,ISO,LOF,PERC,STD
KNN,ZSB,IQR,ISO,LOF,PERC,STD
KNN,ZSB,IQR,ISO,LOF,PERC,STD
KNN,ZSB,IQR,ISO,LOF,PERC,STD
KNN,ZSB,IQR,ISO,LOF,PERC,STD
ZSB,ISO,IQR,KNN,LOF,STD,PERC
ZSB,ISO,IQR,KNN,LOF,STD,PERC
IQR,ZSB,ISO,STD,LOF,KNN,PERC
IQR,ISO,ZSB,STD,LOF,PERC,KNN
IQR,ISO,ZSB,STD,LOF,PERC,KNN
IQR,ISO,ZSB,STD,LOF,PERC,KNN
IQR,ISO,ZSB,STD,LOF,PERC,KNN
IQR,ZSB,ISO,STD,LOF,PERC,KNN
IQR,ISO,ZSB,STD,LOF,PERC,KNN
IQR,ISO,ZSB,STD,LOF,PERC,KNN
IQR,ISO,ZSB,STD,LOF,PERC,KNN
IQR,ISO,ZSB,STD,LOF,KNN,PERC
IQR,ISO,ZSB,STD,LOF,PERC,KNN
IQR,ISO,ZSB,STD,LOF,KNN,PERC
IQR,ISO,ZSB,STD,LOF,KNN,PERC
IQR,ISO,ZSB,STD,LOF,KNN,PERC
IQR,ISO,ZSB,STD,LOF,KNN,PERC
IQR,ISO,ZSB,STD,LOF,KNN,PERC
IQR,ISO,ZSB,STD,LOF,KNN,PERC
ZSB,IQR,ISO,KNN,LOF,PERC,STD
ZSB,IQR,ISO,KNN,LOF,STD,PERC
IQR,ZSB,KNN,ISO,LOF,STD,PERC
IQR,ZSB,KNN,ISO,LOF,STD,PERC
IQR,ZSB,KNN,ISO,LOF,STD,PERC
IQR,ZSB,KNN,ISO,LOF,STD,PERC
IQR,ZSB,KNN,ISO,STD,LOF,PERC
IQR,ZSB,KNN,ISO,STD,LOF,PERC
IQR,ZSB,KNN,ISO,STD,LOF,PERC
IQR,ZSB,KNN,ISO,LOF,STD,PERC
IQR,ZSB,KNN,ISO,STD,LOF,PERC
IQR,ZSB,KNN,ISO,STD,LOF,PERC
IQR,ZSB,KNN,ISO,STD,LOF,PERC
IQR,ZSB,ISO,KNN,LOF,STD,PERC
IQR,ZSB,KNN,ISO,STD,LOF,PERC
IQR,ZSB,KNN,ISO,STD,LOF,PERC
IQR,ZSB,KNN,ISO,STD,LOF,PERC
IQR,ZSB,KNN,ISO,STD,LOF,PERC
IQR,ZSB,KNN,ISO,STD,LOF,PERC
ZSB,IQR,KNN,ISO,LOF,PERC,STD
ZSB,IQR,KNN,ISO,LOF,PERC,STD
ZSB,IQR,KNN,ISO,LOF,PERC,STD
IQR,ZSB,KNN,ISO,LOF,PERC,STD
ZSB,IQR,KNN,ISO,LOF,PERC,STD
IQR,ZSB,KNN,ISO,LOF,PERC,STD
IQR,ZSB,KNN,ISO,LOF,PERC,STD
ZSB,IQR,KNN,ISO,LOF,PERC,STD
ZSB,IQR,KNN,ISO,LOF,PERC,STD
IQR,ZSB,KNN,ISO,LOF,PERC,STD
IQR,ZSB,KNN,ISO,LOF,PERC,STD
IQR,ZSB,KNN,ISO,LOF,PERC,STD
IQR,ZSB,KNN,ISO,LOF,PERC,STD
IQR,ZSB,KNN,ISO,LOF,PERC,STD
IQR,ZSB,KNN,ISO,LOF,PERC,STD
IQR,ZSB,KNN,ISO,LOF,PERC,STD
IQR,ZSB,KNN,ISO,LOF,PERC,STD
IQR,ZSB,KNN,ISO,LOF,PERC,STD
IQR,ZSB,KNN,ISO,LOF,PERC,STD
ZSB,IQR,KNN,ISO,LOF,PERC,STD
ZSB,IQR,KNN,ISO,LOF,PERC,STD
ZSB,KNN,IQR,ISO,LOF,PERC,STD
ZSB,KNN,IQR,ISO,LOF,PERC,STD
ZSB,IQR,KNN,ISO,LOF,PERC,STD
ZSB,IQR,KNN,ISO,LOF,PERC,STD
KNN,ZSB,IQR,ISO,LOF,PERC,STD
ZSB,IQR,KNN,ISO,LOF,PERC,STD
ZSB,KNN,IQR,ISO,LOF,PERC,STD
ZSB,IQR,KNN,ISO,LOF,PERC,STD
ZSB,IQR,KNN,ISO,LOF,PERC,STD
ZSB,IQR,KNN,ISO,LOF,PERC,STD
ZSB,IQR,KNN,ISO,LOF,PERC,STD
IQR,ZSB,KNN,ISO,LOF,PERC,STD
IQR,ZSB,KNN,ISO,LOF,PERC,STD
IQR,ZSB,KNN,ISO,LOF,PERC,STD
KNN,ZSB,IQR,ISO,LOF,PERC,STD
IQR,ZSB,KNN,ISO,LOF,PERC,STD
IQR,ZSB,KNN,ISO,LOF,PERC,STD
KNN,ZSB,IQR,ISO,LOF,PERC,STD
KNN,ZSB,IQR,ISO,LOF,PERC,STD
KNN,ZSB,IQR,ISO,LOF,PERC,STD
KNN,ZSB,IQR,ISO,LOF,PERC,STD
KNN,ZSB,IQR,ISO,LOF,PERC,STD
KNN,ZSB,IQR,ISO,LOF,PERC,STD
KNN,ZSB,IQR,ISO,LOF,PERC,STD
KNN,ZSB,IQR,ISO,LOF,PERC,STD
KNN,ZSB,IQR,ISO,LOF,PERC,STD
KNN,ZSB,IQR,ISO,LOF,PERC,STD
KNN,ZSB,IQR,ISO,LOF,PERC,STD
KNN,ZSB,IQR,ISO,LOF,PERC,STD
KNN,ZSB,IQR,ISO,LOF,PERC,STD
KNN,ZSB,IQR,ISO,LOF,PERC,STD
KNN,ZSB,IQR,ISO,LOF,PERC,STD
KNN,ZSB,IQR,ISO,LOF,PERC,STD
KNN,ZSB,IQR,ISO,LOF,PERC,STD
KNN,ZSB,IQR,ISO,LOF,PERC,STD
KNN,ZSB,IQR,ISO,LOF,PERC,STD
ISO,IQR,ZSB,KNN,STD,LOF,PERC
ISO,IQR,ZSB,KNN,STD,LOF,PERC
KNN,IQR,ZSB,ISO,LOF,STD,PERC
IQR,ISO,ZSB,KNN,STD,LOF,PERC
IQR,ISO,ZSB,KNN,STD,LOF,PERC
KNN,IQR,ISO,ZSB,LOF,STD,PERC
ISO,IQR,ZSB,KNN,STD,LOF,PERC
ISO,IQR,ZSB,KNN,STD,LOF,PERC
ISO,IQR,ZSB,KNN,STD,LOF,PERC
IQR,KNN,ZSB,ISO,STD,LOF,PERC
ISO,IQR,ZSB,KNN,STD,LOF,PERC
IQR,KNN,ZSB,ISO,LOF,STD,PERC
IQR,KNN,ZSB,ISO,STD,LOF,PERC
ISO,IQR,KNN,ZSB,STD,LOF,PERC
KNN,IQR,ISO,ZSB,LOF,STD,PERC
IQR,KNN,ZSB,ISO,LOF,STD,PERC
ISO,IQR,ZSB,KNN,STD,LOF,PERC
KNN,IQR,ISO,LOF,STD,ZSB,PERC
ISO,IQR,ZSB,STD,KNN,LOF,PERC
KNN,IQR,ZSB,ISO,LOF,PERC,STD
IQR,KNN,ZSB,ISO,STD,PERC,LOF
IQR,ZSB,KNN,ISO,STD,PERC,LOF
IQR,ZSB,KNN,ISO,STD,LOF,PERC
IQR,ZSB,KNN,ISO,STD,LOF,PERC
IQR,ZSB,KNN,ISO,LOF,STD,PERC
IQR,ZSB,ISO,KNN,STD,LOF,PERC
IQR,ZSB,KNN,ISO,STD,LOF,PERC
IQR,ZSB,KNN,ISO,STD,LOF,PERC
IQR,ZSB,KNN,ISO,LOF,STD,PERC
IQR,ZSB,KNN,ISO,STD,LOF,PERC
IQR,ZSB,KNN,ISO,STD,LOF,PERC
IQR,ZSB,KNN,ISO,LOF,STD,PERC
IQR,ZSB,KNN,ISO,LOF,STD,PERC
IQR,ZSB,KNN,ISO,STD,LOF,PERC
IQR,KNN,ZSB,ISO,STD,LOF,PERC
IQR,ZSB,KNN,ISO,STD,LOF,PERC
IQR,KNN,ZSB,ISO,STD,LOF,PERC
IQR,ZSB,KNN,ISO,STD,LOF,PERC
ZSB,IQR,KNN,ISO,LOF,PERC,STD
ZSB,IQR,KNN,ISO,LOF,PERC,STD
ZSB,KNN,IQR,ISO,LOF,PERC,STD
IQR,ZSB,KNN,ISO,LOF,PERC,STD
IQR,ZSB,KNN,ISO,LOF,PERC,STD
IQR,ZSB,KNN,ISO,LOF,PERC,STD
ZSB,IQR,KNN,ISO,LOF,PERC,STD
IQR,ZSB,KNN,ISO,LOF,PERC,STD
IQR,ZSB,KNN,ISO,LOF,PERC,STD
ZSB,IQR,KNN,ISO,LOF,PERC,STD
IQR,ZSB,KNN,ISO,LOF,PERC,STD
ZSB,IQR,KNN,ISO,LOF,PERC,STD
IQR,ZSB,KNN,ISO,LOF,PERC,STD
IQR,ZSB,KNN,ISO,LOF,PERC,STD
IQR,ZSB,KNN,ISO,LOF,PERC,STD
IQR,ZSB,KNN,ISO,LOF,PERC,STD
IQR,ZSB,KNN,ISO,LOF,PERC,STD
IQR,ZSB,KNN,ISO,LOF,PERC,STD
IQR,ZSB,KNN,ISO,LOF,PERC,STD
ZSB,IQR,KNN,ISO,LOF,PERC,STD
ZSB,IQR,KNN,ISO,LOF,PERC,STD
ZSB,IQR,KNN,ISO,LOF,PERC,STD
ZSB,IQR,KNN,ISO,LOF,PERC,STD
ZSB,IQR,KNN,ISO,LOF,PERC,STD
ZSB,IQR,KNN,ISO,LOF,PERC,STD
ZSB,IQR,KNN,ISO,LOF,PERC,STD
ZSB,IQR,KNN,ISO,LOF,PERC,STD
ZSB,IQR,KNN,ISO,LOF,PERC,STD
ZSB,IQR,KNN,ISO,LOF,PERC,STD
ZSB,IQR,KNN,ISO,LOF,PERC,STD
ZSB,IQR,KNN,ISO,LOF,PERC,STD
IQR,ZSB,KNN,ISO,LOF,PERC,STD
IQR,ZSB,KNN,ISO,LOF,PERC,STD
ZSB,IQR,KNN,ISO,LOF,PERC,STD
IQR,ZSB,KNN,ISO,LOF,PERC,STD
IQR,ZSB,KNN,ISO,LOF,PERC,STD
ZSB,IQR,KNN,ISO,LOF,PERC,STD
IQR,ZSB,KNN,ISO,LOF,PERC,STD
KNN,ZSB,IQR,ISO,LOF,PERC,STD
ZSB,IQR,KNN,ISO,LOF,PERC,STD
ZSB,KNN,IQR,ISO,LOF,PERC,STD
ZSB,KNN,IQR,ISO,LOF,PERC,STD
ZSB,KNN,IQR,ISO,LOF,PERC,STD
ZSB,KNN,IQR,ISO,LOF,PERC,STD
ZSB,KNN,IQR,ISO,LOF,PERC,STD
ZSB,KNN,IQR,ISO,LOF,PERC,STD
ZSB,IQR,KNN,ISO,LOF,PERC,STD
ZSB,IQR,KNN,ISO,LOF,PERC,STD
ZSB,IQR,KNN,ISO,LOF,PERC,STD
ZSB,IQR,KNN,ISO,LOF,PERC,STD
ZSB,IQR,KNN,ISO,LOF,PERC,STD
ZSB,IQR,KNN,ISO,LOF,PERC,STD
ZSB,IQR,KNN,ISO,LOF,PERC,STD
ZSB,IQR,KNN,ISO,LOF,PERC,STD
ZSB,IQR,KNN,ISO,LOF,PERC,STD
ZSB,IQR,KNN,ISO,LOF,PERC,STD
ZSB,IQR,KNN,ISO,LOF,PERC,STD
ISO,IQR,ZSB,KNN,STD,LOF,PERC
ISO,IQR,KNN,ZSB,STD,LOF,PERC
ISO,IQR,ZSB,KNN,STD,LOF,PERC
ISO,IQR,ZSB,KNN,STD,LOF,PERC
ISO,IQR,KNN,ZSB,STD,LOF,PERC
ISO,IQR,ZSB,STD,KNN,LOF,PERC
ISO,IQR,ZSB,KNN,STD,LOF,PERC
IQR,ISO,ZSB,KNN,STD,LOF,PERC
KNN,IQR,ISO,ZSB,LOF,STD,PERC
IQR,ISO,ZSB,KNN,STD,LOF,PERC
ISO,IQR,ZSB,KNN,STD,LOF,PERC
IQR,ISO,ZSB,STD,KNN,LOF,PERC
ISO,IQR,ZSB,KNN,STD,LOF,PERC
IQR,KNN,ISO,ZSB,STD,LOF,PERC
IQR,ISO,ZSB,KNN,STD,LOF,PERC
IQR,KNN,ZSB,ISO,LOF,STD,PERC
ISO,KNN,IQR,ZSB,STD,LOF,PERC
IQR,ISO,ZSB,KNN,STD,LOF,PERC
IQR,ISO,KNN,ZSB,STD,LOF,PERC
IQR,ZSB,KNN,ISO,LOF,STD,PERC
ZSB,IQR,KNN,ISO,LOF,PERC,STD
IQR,ZSB,KNN,ISO,LOF,PERC,STD
IQR,ZSB,KNN,ISO,STD,LOF,PERC
IQR,ZSB,KNN,ISO,LOF,STD,PERC
IQR,ZSB,KNN,ISO,STD,LOF,PERC
KNN,IQR,ZSB,ISO,LOF,STD,PERC
IQR,ZSB,KNN,ISO,LOF,STD,PERC
IQR,ZSB,KNN,ISO,LOF,STD,PERC
IQR,ZSB,KNN,ISO,STD,LOF,PERC
IQR,ZSB,KNN,ISO,LOF,STD,PERC
IQR,ZSB,KNN,ISO,LOF,STD,PERC
IQR,ZSB,KNN,ISO,STD,LOF,PERC
IQR,ZSB,KNN,ISO,LOF,STD,PERC
IQR,ZSB,KNN,ISO,STD,LOF,PERC
IQR,ZSB,KNN,ISO,STD,LOF,PERC
IQR,ZSB,KNN,ISO,LOF,STD,PERC
IQR,ZSB,KNN,ISO,LOF,STD,PERC
IQR,ZSB,KNN,ISO,STD,LOF,PERC
ZSB,IQR,KNN,ISO,LOF,PERC,STD
ZSB,IQR,KNN,ISO,LOF,PERC,STD
IQR,ZSB,KNN,ISO,LOF,PERC,STD
IQR,ZSB,KNN,ISO,LOF,PERC,STD
ZSB,IQR,KNN,ISO,LOF,PERC,STD
IQR,ZSB,KNN,ISO,LOF,PERC,STD
ZSB,IQR,KNN,ISO,LOF,PERC,STD
IQR,ZSB,KNN,ISO,LOF,PERC,STD
IQR,ZSB,KNN,ISO,LOF,PERC,STD
ZSB,IQR,KNN,ISO,LOF,PERC,STD
IQR,ZSB,KNN,ISO,LOF,PERC,STD
ZSB,IQR,KNN,ISO,LOF,PERC,STD
ZSB,IQR,KNN,ISO,LOF,PERC,STD
IQR,ZSB,KNN,ISO,LOF,PERC,STD
IQR,ZSB,KNN,ISO,LOF,PERC,STD
IQR,ZSB,KNN,ISO,LOF,PERC,STD
IQR,ZSB,KNN,ISO,LOF,PERC,STD
IQR,ZSB,ISO,KNN,LOF,PERC,STD
IQR,ZSB,KNN,ISO,LOF,PERC,STD
ZSB,IQR,KNN,ISO,LOF,PERC,STD
ZSB,IQR,KNN,ISO,LOF,PERC,STD
ZSB,IQR,KNN,ISO,LOF,PERC,STD
ZSB,IQR,KNN,ISO,LOF,PERC,STD
ZSB,IQR,KNN,ISO,LOF,PERC,STD
ZSB,IQR,KNN,ISO,LOF,PERC,STD
ZSB,IQR,KNN,ISO,LOF,PERC,STD
ZSB,IQR,KNN,ISO,LOF,PERC,STD
IQR,ZSB,KNN,ISO,LOF,PERC,STD
IQR,ZSB,KNN,ISO,LOF,PERC,STD
ZSB,IQR,KNN,ISO,LOF,PERC,STD
IQR,ZSB,KNN,ISO,LOF,PERC,STD
IQR,ZSB,KNN,ISO,LOF,PERC,STD
IQR,ZSB,KNN,ISO,LOF,PERC,STD
IQR,ZSB,KNN,ISO,LOF,PERC,STD
IQR,ZSB,KNN,ISO,LOF,PERC,STD
IQR,ZSB,KNN,ISO,LOF,PERC,STD
IQR,ZSB,KNN,ISO,LOF,PERC,STD
IQR,ZSB,KNN,ISO,LOF,PERC,STD
ZSB,IQR,KNN,ISO,LOF,PERC,STD
ZSB,IQR,KNN,ISO,LOF,PERC,STD
ZSB,IQR,KNN,ISO,LOF,PERC,STD
ZSB,KNN,IQR,ISO,LOF,PERC,STD
ZSB,IQR,KNN,ISO,LOF,PERC,STD
ZSB,IQR,KNN,ISO,LOF,PERC,STD
ZSB,KNN,IQR,ISO,LOF,PERC,STD
ZSB,KNN,IQR,ISO,LOF,PERC,STD
ZSB,KNN,IQR,ISO,LOF,PERC,STD
ZSB,IQR,KNN,ISO,LOF,PERC,STD
ZSB,IQR,KNN,ISO,LOF,PERC,STD
ZSB,IQR,KNN,ISO,LOF,PERC,STD
ZSB,IQR,KNN,ISO,LOF,PERC,STD
ZSB,IQR,KNN,ISO,LOF,PERC,STD
ZSB,IQR,KNN,ISO,LOF,PERC,STD
ZSB,IQR,KNN,ISO,LOF,PERC,STD
ZSB,IQR,KNN,ISO,LOF,PERC,STD
ZSB,IQR,KNN,ISO,LOF,PERC,STD
ZSB,IQR,KNN,ISO,LOF,PERC,STD
ISO,IQR,KNN,ZSB,STD,LOF,PERC
IQR,KNN,ZSB,ISO,STD,LOF,PERC
IQR,KNN,ISO,ZSB,STD,LOF,PERC
IQR,ZSB,KNN,ISO,STD,LOF,PERC
ISO,IQR,KNN,ZSB,STD,PERC,LOF
ISO,IQR,ZSB,KNN,STD,LOF,PERC
ISO,IQR,ZSB,KNN,STD,PERC,LOF
IQR,ISO,KNN,ZSB,STD,LOF,PERC
IQR,KNN,ISO,ZSB,STD,LOF,PERC
IQR,ISO,KNN,ZSB,STD,LOF,PERC
IQR,KNN,ISO,ZSB,STD,LOF,PERC
IQR,ISO,ZSB,KNN,STD,LOF,PERC
ISO,IQR,KNN,ZSB,STD,PERC,LOF
IQR,ISO,KNN,ZSB,STD,LOF,PERC
ISO,KNN,IQR,ZSB,STD,LOF,PERC
ISO,IQR,ZSB,KNN,STD,LOF,PERC
IQR,ISO,KNN,ZSB,STD,LOF,PERC
IQR,KNN,ISO,ZSB,STD,LOF,PERC
ISO,IQR,ZSB,KNN,STD,LOF,PERC
IQR,KNN,ZSB,ISO,STD,PERC,LOF
IQR,ZSB,KNN,ISO,STD,PERC,LOF
IQR,KNN,ZSB,ISO,STD,LOF,PERC
IQR,ZSB,KNN,ISO,STD,LOF,PERC
IQR,ZSB,KNN,ISO,STD,LOF,PERC
IQR,ZSB,KNN,ISO,STD,LOF,PERC
IQR,ZSB,KNN,ISO,STD,LOF,PERC
IQR,ZSB,KNN,ISO,STD,LOF,PERC
IQR,ZSB,KNN,ISO,LOF,STD,PERC
IQR,ZSB,KNN,ISO,STD,LOF,PERC
IQR,ZSB,KNN,ISO,STD,LOF,PERC
IQR,KNN,ZSB,ISO,STD,LOF,PERC
IQR,ZSB,KNN,ISO,STD,LOF,PERC
IQR,KNN,ZSB,ISO,STD,LOF,PERC
IQR,KNN,ZSB,ISO,STD,LOF,PERC
KNN,IQR,ZSB,ISO,STD,LOF,PERC
IQR,KNN,ZSB,ISO,STD,LOF,PERC
IQR,ZSB,KNN,ISO,STD,LOF,PERC
IQR,ZSB,KNN,ISO,STD,LOF,PERC
ZSB,KNN,IQR,ISO,LOF,PERC,STD
ZSB,IQR,KNN,ISO,LOF,PERC,STD
ZSB,KNN,IQR,ISO,LOF,PERC,STD
IQR,ZSB,KNN,ISO,LOF,PERC,STD
ZSB,IQR,KNN,ISO,LOF,PERC,STD
IQR,ZSB,KNN,ISO,LOF,PERC,STD
ZSB,IQR,KNN,ISO,LOF,PERC,STD
IQR,ZSB,KNN,ISO,LOF,PERC,STD
IQR,ZSB,KNN,ISO,LOF,PERC,STD
ZSB,IQR,KNN,ISO,LOF,PERC,STD
IQR,ZSB,KNN,ISO,LOF,PERC,STD
IQR,ZSB,KNN,ISO,LOF,PERC,STD
IQR,ZSB,KNN,ISO,LOF,PERC,STD
IQR,ZSB,KNN,ISO,LOF,PERC,STD
IQR,ZSB,KNN,ISO,LOF,PERC,STD
ZSB,IQR,KNN,ISO,LOF,PERC,STD
IQR,ZSB,KNN,ISO,LOF,PERC,STD
IQR,ZSB,KNN,ISO,LOF,PERC,STD
IQR,ZSB,KNN,ISO,LOF,PERC,STD
ZSB,IQR,KNN,ISO,LOF,PERC,STD
ZSB,IQR,KNN,ISO,LOF,PERC,STD
ZSB,KNN,IQR,ISO,LOF,PERC,STD
ZSB,IQR,KNN,ISO,LOF,PERC,STD
ZSB,IQR,KNN,ISO,LOF,PERC,STD
ZSB,IQR,KNN,ISO,LOF,PERC,STD
ZSB,IQR,KNN,ISO,LOF,PERC,STD
ZSB,IQR,KNN,ISO,LOF,PERC,STD
ZSB,IQR,KNN,ISO,LOF,PERC,STD
ZSB,IQR,KNN,ISO,LOF,PERC,STD
ZSB,IQR,KNN,ISO,LOF,PERC,STD
ZSB,IQR,KNN,ISO,LOF,PERC,STD
ZSB,IQR,KNN,ISO,LOF,PERC,STD
ZSB,IQR,KNN,ISO,LOF,PERC,STD
ZSB,IQR,KNN,ISO,LOF,PERC,STD
ZSB,IQR,KNN,ISO,LOF,PERC,STD
IQR,ZSB,KNN,ISO,LOF,PERC,STD
IQR,ZSB,KNN,ISO,LOF,PERC,STD
IQR,ZSB,KNN,ISO,LOF,PERC,STD
ZSB,KNN,IQR,ISO,LOF,PERC,STD
ZSB,IQR,KNN,ISO,LOF,PERC,STD
KNN,ZSB,IQR,ISO,LOF,PERC,STD
ZSB,KNN,IQR,ISO,LOF,PERC,STD
ZSB,KNN,IQR,ISO,LOF,PERC,STD
ZSB,KNN,IQR,ISO,LOF,PERC,STD
ZSB,KNN,IQR,ISO,LOF,PERC,STD
ZSB,KNN,IQR,ISO,LOF,PERC,STD
ZSB,KNN,IQR,ISO,LOF,PERC,STD
ZSB,KNN,IQR,ISO,LOF,PERC,STD
ZSB,IQR,KNN,ISO,LOF,PERC,STD
ZSB,IQR,KNN,ISO,LOF,PERC,STD
ZSB,IQR,KNN,ISO,LOF,PERC,STD
ZSB,IQR,KNN,ISO,LOF,PERC,STD
ZSB,IQR,KNN,ISO,LOF,PERC,STD
ZSB,IQR,KNN,ISO,LOF,PERC,STD
ZSB,IQR,KNN,ISO,LOF,PERC,STD
ZSB,IQR,KNN,ISO,LOF,PERC,STD
ZSB,IQR,KNN,ISO,LOF,PERC,STD
IQR,ZSB,KNN,ISO,LOF,STD,PERC
IQR,ZSB,KNN,ISO,STD,LOF,PERC
IQR,ZSB,ISO,KNN,STD,LOF,PERC
IQR,ISO,ZSB,KNN,STD,LOF,PERC
ISO,IQR,KNN,ZSB,STD,LOF,PERC
IQR,ZSB,ISO,KNN,STD,LOF,PERC
IQR,ISO,ZSB,KNN,STD,PERC,LOF
ISO,IQR,ZSB,KNN,STD,LOF,PERC
ISO,IQR,ZSB,KNN,STD,LOF,PERC
ISO,IQR,ZSB,KNN,STD,LOF,PERC
ISO,IQR,KNN,ZSB,STD,LOF,PERC
ISO,IQR,ZSB,KNN,STD,LOF,PERC
ISO,IQR,ZSB,STD,KNN,LOF,PERC
ISO,IQR,KNN,ZSB,STD,LOF,PERC
ISO,IQR,ZSB,KNN,STD,LOF,PERC
ISO,KNN,IQR,ZSB,STD,LOF,PERC
ISO,IQR,KNN,ZSB,STD,LOF,PERC
ISO,IQR,KNN,ZSB,STD,LOF,PERC
ISO,KNN,IQR,ZSB,STD,LOF,PERC
IQR,ZSB,KNN,ISO,LOF,PERC,STD
IQR,ZSB,KNN,ISO,LOF,PERC,STD
IQR,ZSB,KNN,ISO,LOF,STD,PERC
IQR,ZSB,KNN,ISO,LOF,STD,PERC
IQR,ZSB,KNN,ISO,LOF,STD,PERC
IQR,ZSB,KNN,ISO,LOF,STD,PERC
IQR,ZSB,KNN,ISO,LOF,STD,PERC
IQR,ZSB,KNN,ISO,STD,LOF,PERC
IQR,ZSB,KNN,ISO,STD,LOF,PERC
IQR,ZSB,KNN,ISO,LOF,STD,PERC
IQR,ZSB,KNN,ISO,LOF,STD,PERC
IQR,ZSB,KNN,ISO,LOF,STD,PERC
IQR,ZSB,KNN,ISO,STD,LOF,PERC
IQR,ZSB,KNN,ISO,LOF,STD,PERC
IQR,ZSB,KNN,ISO,LOF,STD,PERC
IQR,KNN,ZSB,ISO,LOF,STD,PERC
IQR,KNN,ZSB,ISO,LOF,STD,PERC
IQR,ZSB,KNN,ISO,LOF,STD,PERC
IQR,ZSB,KNN,ISO,LOF,STD,PERC
ZSB,IQR,KNN,ISO,LOF,PERC,STD
ZSB,IQR,KNN,ISO,LOF,PERC,STD
ZSB,IQR,KNN,ISO,LOF,PERC,STD
IQR,ZSB,KNN,ISO,LOF,PERC,STD
IQR,ZSB,KNN,ISO,LOF,PERC,STD
ZSB,IQR,KNN,ISO,LOF,PERC,STD
ZSB,IQR,KNN,ISO,LOF,PERC,STD
ZSB,IQR,KNN,ISO,LOF,PERC,STD
ZSB,IQR,KNN,ISO,LOF,PERC,STD
ZSB,IQR,KNN,ISO,LOF,PERC,STD
IQR,ZSB,KNN,ISO,LOF,PERC,STD
IQR,ZSB,KNN,ISO,LOF,PERC,STD
IQR,ZSB,KNN,ISO,LOF,PERC,STD
IQR,ZSB,KNN,ISO,LOF,PERC,STD
IQR,ZSB,KNN,ISO,LOF,PERC,STD
IQR,ZSB,KNN,ISO,LOF,PERC,STD
IQR,ZSB,KNN,ISO,LOF,PERC,STD
IQR,ZSB,KNN,ISO,LOF,PERC,STD
IQR,ZSB,KNN,ISO,LOF,PERC,STD
ZSB,IQR,KNN,ISO,LOF,PERC,STD
ZSB,IQR,KNN,ISO,LOF,PERC,STD
ZSB,IQR,KNN,ISO,LOF,PERC,STD
ZSB,IQR,KNN,ISO,LOF,PERC,STD
ZSB,IQR,KNN,ISO,LOF,PERC,STD
ZSB,IQR,KNN,ISO,LOF,PERC,STD
ZSB,IQR,KNN,ISO,LOF,PERC,STD
ZSB,IQR,KNN,ISO,LOF,PERC,STD
ZSB,IQR,KNN,ISO,LOF,PERC,STD
ZSB,IQR,KNN,ISO,LOF,PERC,STD
ZSB,IQR,KNN,ISO,LOF,PERC,STD
ZSB,IQR,KNN,ISO,LOF,PERC,STD
ZSB,IQR,KNN,ISO,LOF,PERC,STD
ZSB,IQR,KNN,ISO,LOF,PERC,STD
ZSB,IQR,KNN,ISO,LOF,PERC,STD
ZSB,IQR,KNN,ISO,LOF,PERC,STD
IQR,ZSB,KNN,ISO,LOF,PERC,STD
ZSB,IQR,KNN,ISO,LOF,PERC,STD
ZSB,IQR,KNN,ISO,LOF,PERC,STD
ZSB,KNN,IQR,ISO,LOF,PERC,STD
ZSB,KNN,IQR,ISO,LOF,PERC,STD
ZSB,IQR,KNN,ISO,LOF,PERC,STD
ZSB,KNN,IQR,ISO,LOF,PERC,STD
ZSB,IQR,KNN,ISO,LOF,PERC,STD
ZSB,IQR,KNN,ISO,LOF,PERC,STD
ZSB,KNN,IQR,ISO,LOF,PERC,STD
ZSB,IQR,KNN,ISO,LOF,PERC,STD
ZSB,KNN,IQR,ISO,LOF,PERC,STD
ZSB,IQR,KNN,ISO,LOF,PERC,STD
ZSB,IQR,KNN,ISO,LOF,PERC,STD
ZSB,IQR,KNN,ISO,LOF,PERC,STD
ZSB,IQR,KNN,ISO,LOF,PERC,STD
ZSB,IQR,KNN,ISO,LOF,PERC,STD
ZSB,IQR,KNN,ISO,LOF,PERC,STD
ZSB,IQR,KNN,ISO,LOF,PERC,STD
ZSB,IQR,KNN,ISO,LOF,PERC,STD
ZSB,IQR,KNN,ISO,LOF,PERC,STD
ZSB,IQR,KNN,ISO,LOF,PERC,STD
IQR,ISO,ZSB,STD,KNN,LOF,PERC
IQR,ISO,ZSB,STD,LOF,KNN,PERC
IQR,ISO,ZSB,KNN,STD,LOF,PERC
ISO,IQR,ZSB,STD,LOF,KNN,PERC
IQR,ISO,ZSB,STD,PERC,LOF,KNN
IQR,ISO,ZSB,STD,LOF,KNN,PERC
ISO,IQR,ZSB,STD,KNN,LOF,PERC
ISO,IQR,ZSB,STD,KNN,LOF,PERC
IQR,ZSB,ISO,STD,LOF,KNN,PERC
IQR,ZSB,ISO,STD,LOF,KNN,PERC
IQR,ZSB,ISO,LOF,STD,KNN,PERC
IQR,ISO,ZSB,STD,PERC,LOF,KNN
IQR,ZSB,ISO,LOF,STD,KNN,PERC
IQR,ISO,ZSB,STD,KNN,LOF,PERC
ISO,IQR,ZSB,STD,KNN,LOF,PERC
ISO,IQR,ZSB,STD,PERC,KNN,LOF
ISO,IQR,ZSB,KNN,STD,LOF,PERC
ISO,IQR,ZSB,KNN,STD,PERC,LOF
KNN,IQR,ZSB,ISO,STD,PERC,LOF
IQR,ZSB,KNN,ISO,LOF,STD,PERC
ZSB,IQR,ISO,KNN,LOF,STD,PERC
IQR,ZSB,KNN,ISO,LOF,STD,PERC
IQR,ZSB,ISO,KNN,LOF,STD,PERC
ZSB,IQR,ISO,KNN,LOF,STD,PERC
IQR,ZSB,ISO,KNN,LOF,STD,PERC
IQR,ZSB,ISO,KNN,LOF,STD,PERC
IQR,ZSB,ISO,KNN,LOF,STD,PERC
IQR,ZSB,KNN,ISO,LOF,STD,PERC
IQR,ZSB,ISO,LOF,KNN,STD,PERC
IQR,ZSB,ISO,KNN,LOF,STD,PERC
IQR,ZSB,KNN,ISO,LOF,STD,PERC
IQR,ZSB,KNN,ISO,LOF,STD,PERC
IQR,ZSB,ISO,KNN,LOF,STD,PERC
IQR,ZSB,KNN,ISO,STD,LOF,PERC
IQR,ZSB,KNN,ISO,STD,LOF,PERC
KNN,IQR,ZSB,ISO,STD,PERC,LOF
IQR,ZSB,KNN,ISO,STD,LOF,PERC
KNN,IQR,ZSB,ISO,STD,PERC,LOF
ZSB,IQR,KNN,ISO,LOF,PERC,STD
ZSB,IQR,KNN,ISO,LOF,PERC,STD
ZSB,IQR,KNN,ISO,LOF,PERC,STD
ZSB,IQR,KNN,ISO,LOF,PERC,STD
ZSB,IQR,KNN,ISO,LOF,PERC,STD
ZSB,IQR,ISO,KNN,LOF,PERC,STD
ZSB,IQR,KNN,ISO,LOF,PERC,STD
ZSB,IQR,KNN,ISO,LOF,PERC,STD
ZSB,IQR,KNN,ISO,LOF,PERC,STD
ZSB,IQR,KNN,ISO,LOF,PERC,STD
ZSB,IQR,KNN,ISO,LOF,PERC,STD
IQR,ZSB,KNN,ISO,LOF,PERC,STD
IQR,ZSB,KNN,ISO,LOF,PERC,STD
IQR,ZSB,KNN,ISO,LOF,PERC,STD
IQR,ZSB,KNN,ISO,LOF,PERC,STD
IQR,ZSB,KNN,ISO,LOF,PERC,STD
IQR,ZSB,KNN,ISO,LOF,STD,PERC
IQR,ZSB,KNN,ISO,LOF,PERC,STD
IQR,ZSB,KNN,ISO,LOF,STD,PERC
ZSB,KNN,IQR,ISO,LOF,PERC,STD
ZSB,KNN,IQR,ISO,LOF,PERC,STD
ZSB,KNN,IQR,ISO,LOF,PERC,STD
ZSB,IQR,KNN,ISO,LOF,PERC,STD
ZSB,IQR,KNN,ISO,LOF,PERC,STD
ZSB,IQR,KNN,ISO,LOF,PERC,STD
ZSB,IQR,KNN,ISO,LOF,PERC,STD
ZSB,IQR,KNN,ISO,LOF,PERC,STD
ZSB,IQR,KNN,ISO,LOF,PERC,STD
ZSB,IQR,KNN,ISO,LOF,PERC,STD
ZSB,IQR,KNN,ISO,LOF,PERC,STD
ZSB,IQR,KNN,ISO,LOF,PERC,STD
IQR,ZSB,KNN,ISO,LOF,PERC,STD
IQR,ZSB,KNN,ISO,LOF,PERC,STD
IQR,ZSB,KNN,ISO,LOF,PERC,STD
IQR,ZSB,KNN,ISO,LOF,PERC,STD
IQR,ZSB,KNN,ISO,LOF,PERC,STD
IQR,ZSB,KNN,ISO,LOF,PERC,STD
IQR,ZSB,KNN,ISO,LOF,PERC,STD
ZSB,KNN,IQR,ISO,LOF,PERC,STD
ZSB,KNN,IQR,ISO,LOF,PERC,STD
KNN,ZSB,IQR,ISO,LOF,PERC,STD
ZSB,KNN,IQR,ISO,LOF,PERC,STD
ZSB,KNN,IQR,ISO,LOF,PERC,STD
ZSB,KNN,IQR,ISO,LOF,PERC,STD
ZSB,KNN,IQR,ISO,LOF,PERC,STD
ZSB,KNN,IQR,ISO,LOF,PERC,STD
ZSB,IQR,KNN,ISO,LOF,PERC,STD
ZSB,IQR,KNN,ISO,LOF,PERC,STD
ZSB,IQR,KNN,ISO,LOF,PERC,STD
ZSB,IQR,KNN,ISO,LOF,PERC,STD
ZSB,IQR,KNN,ISO,LOF,PERC,STD
ZSB,IQR,KNN,ISO,LOF,PERC,STD
ZSB,IQR,KNN,ISO,LOF,PERC,STD
ZSB,IQR,KNN,ISO,LOF,PERC,STD
IQR,ZSB,KNN,ISO,LOF,PERC,STD
IQR,ZSB,KNN,ISO,LOF,PERC,STD
ZSB,IQR,KNN,ISO,LOF,PERC,STD
IQR,ISO,ZSB,KNN,STD,LOF,PERC
KNN,IQR,ISO,ZSB,LOF,STD,PERC
KNN,IQR,ISO,ZSB,LOF,STD,PERC
KNN,IQR,ISO,ZSB,LOF,STD,PERC
IQR,ISO,KNN,ZSB,STD,LOF,PERC
KNN,IQR,ISO,ZSB,LOF,STD,PERC
KNN,IQR,ISO,ZSB,LOF,STD,PERC
KNN,ISO,IQR,LOF,STD,ZSB,PERC
KNN,ISO,IQR,LOF,STD,ZSB,PERC
IQR,ISO,ZSB,KNN,STD,LOF,PERC
IQR,KNN,ISO,ZSB,LOF,STD,PERC
IQR,ISO,ZSB,KNN,STD,LOF,PERC
KNN,IQR,ISO,LOF,STD,ZSB,PERC
IQR,ISO,ZSB,KNN,STD,LOF,PERC
KNN,ISO,IQR,LOF,STD,ZSB,PERC
IQR,ISO,ZSB,KNN,STD,LOF,PERC
KNN,IQR,ISO,LOF,ZSB,STD,PERC
KNN,IQR,ISO,ZSB,LOF,STD,PERC
KNN,IQR,ISO,LOF,STD,ZSB,PERC
KNN,ZSB,IQR,ISO,LOF,PERC,STD
IQR,KNN,ZSB,ISO,STD,PERC,LOF
IQR,ZSB,KNN,ISO,LOF,STD,PERC
IQR,KNN,ZSB,ISO,LOF,PERC,STD
KNN,IQR,ZSB,ISO,LOF,STD,PERC
IQR,KNN,ZSB,ISO,LOF,STD,PERC
KNN,IQR,ZSB,ISO,LOF,STD,PERC
KNN,IQR,ZSB,ISO,LOF,STD,PERC
KNN,IQR,ZSB,ISO,LOF,STD,PERC
IQR,KNN,ZSB,ISO,LOF,STD,PERC
IQR,ZSB,KNN,ISO,LOF,STD,PERC
IQR,KNN,ZSB,ISO,LOF,STD,PERC
KNN,IQR,ZSB,ISO,LOF,STD,PERC
IQR,KNN,ZSB,ISO,LOF,STD,PERC
KNN,IQR,ZSB,ISO,LOF,STD,PERC
IQR,ZSB,KNN,ISO,LOF,STD,PERC
KNN,IQR,ZSB,ISO,LOF,STD,PERC
KNN,IQR,ZSB,ISO,LOF,STD,PERC
IQR,KNN,ZSB,ISO,LOF,STD,PERC
KNN,ZSB,IQR,ISO,LOF,PERC,STD
KNN,ZSB,IQR,ISO,LOF,PERC,STD
KNN,ZSB,IQR,ISO,LOF,PERC,STD
KNN,IQR,ZSB,ISO,STD,LOF,PERC
KNN,IQR,ZSB,ISO,LOF,PERC,STD
IQR,KNN,ZSB,ISO,LOF,STD,PERC
IQR,KNN,ZSB,ISO,LOF,STD,PERC
IQR,KNN,ZSB,ISO,LOF,PERC,STD
IQR,ZSB,KNN,ISO,LOF,PERC,STD
IQR,ZSB,KNN,ISO,LOF,PERC,STD
IQR,ZSB,KNN,ISO,LOF,PERC,STD
KNN,IQR,ZSB,ISO,LOF,STD,PERC
KNN,IQR,ZSB,ISO,LOF,PERC,STD
KNN,IQR,ZSB,ISO,LOF,PERC,STD
IQR,KNN,ZSB,ISO,LOF,STD,PERC
IQR,KNN,ZSB,ISO,STD,LOF,PERC
IQR,ZSB,KNN,ISO,LOF,STD,PERC
ZSB,IQR,KNN,ISO,LOF,PERC,STD
KNN,IQR,ZSB,ISO,LOF,PERC,STD
KNN,ZSB,IQR,ISO,LOF,PERC,STD
KNN,ZSB,IQR,ISO,LOF,PERC,STD
KNN,ZSB,IQR,ISO,LOF,PERC,STD
KNN,ZSB,IQR,ISO,LOF,PERC,STD
KNN,ZSB,IQR,ISO,LOF,PERC,STD
KNN,IQR,ZSB,ISO,LOF,PERC,STD
KNN,ZSB,IQR,ISO,LOF,PERC,STD
IQR,KNN,ZSB,ISO,LOF,PERC,STD
KNN,ZSB,IQR,ISO,LOF,PERC,STD
KNN,IQR,ZSB,ISO,LOF,PERC,STD
KNN,ZSB,IQR,ISO,LOF,PERC,STD
KNN,IQR,ZSB,ISO,LOF,PERC,STD
IQR,KNN,ZSB,ISO,LOF,PERC,STD
KNN,IQR,ZSB,ISO,LOF,PERC,STD
ZSB,IQR,KNN,ISO,LOF,PERC,STD
KNN,IQR,ZSB,ISO,LOF,PERC,STD
KNN,IQR,ZSB,ISO,LOF,PERC,STD
KNN,IQR,ZSB,ISO,LOF,PERC,STD
KNN,IQR,ZSB,ISO,LOF,PERC,STD
KNN,ZSB,IQR,ISO,LOF,PERC,STD
KNN,ZSB,IQR,ISO,LOF,PERC,STD
KNN,ZSB,IQR,ISO,LOF,PERC,STD
KNN,ZSB,IQR,ISO,LOF,PERC,STD
KNN,ZSB,IQR,ISO,LOF,PERC,STD
KNN,ZSB,IQR,ISO,LOF,PERC,STD
KNN,ZSB,IQR,ISO,LOF,PERC,STD
KNN,ZSB,IQR,ISO,LOF,PERC,STD
KNN,ZSB,IQR,ISO,LOF,PERC,STD
KNN,ZSB,IQR,ISO,LOF,PERC,STD
KNN,ZSB,IQR,ISO,LOF,PERC,STD
KNN,ZSB,IQR,ISO,LOF,PERC,STD
KNN,ZSB,IQR,ISO,LOF,PERC,STD
KNN,ZSB,IQR,ISO,LOF,PERC,STD
KNN,ZSB,IQR,ISO,LOF,PERC,STD
KNN,ZSB,IQR,ISO,LOF,PERC,STD
KNN,ZSB,IQR,ISO,LOF,PERC,STD
KNN,ZSB,IQR,ISO,LOF,PERC,STD
KNN,ZSB,IQR,ISO,LOF,PERC,STD
IQR,ZSB,ISO,KNN,STD,LOF,PERC
IQR,ZSB,ISO,KNN,STD,LOF,PERC
IQR,ISO,ZSB,STD,KNN,PERC,LOF
IQR,ISO,ZSB,STD,PERC,KNN,LOF
IQR,ZSB,ISO,STD,LOF,PERC,KNN
IQR,ISO,ZSB,STD,PERC,KNN,LOF
IQR,ISO,ZSB,STD,KNN,LOF,PERC
ISO,IQR,ZSB,KNN,STD,PERC,LOF
IQR,ISO,ZSB,STD,KNN,LOF,PERC
IQR,ISO,ZSB,STD,KNN,LOF,PERC
IQR,ZSB,ISO,STD,PERC,KNN,LOF
IQR,ISO,ZSB,STD,PERC,KNN,LOF
IQR,ISO,ZSB,STD,PERC,KNN,LOF
IQR,ISO,ZSB,KNN,STD,LOF,PERC
IQR,ISO,ZSB,STD,PERC,KNN,LOF
IQR,ISO,ZSB,STD,KNN,PERC,LOF
IQR,ISO,ZSB,STD,PERC,KNN,LOF
IQR,ZSB,ISO,STD,PERC,KNN,LOF
IQR,ISO,ZSB,STD,LOF,PERC,KNN
KNN,ZSB,ISO,IQR,LOF,PERC,STD
IQR,ZSB,KNN,ISO,LOF,PERC,STD
IQR,ZSB,ISO,KNN,LOF,PERC,STD
IQR,ZSB,KNN,ISO,LOF,STD,PERC
IQR,ZSB,KNN,ISO,STD,LOF,PERC
IQR,ZSB,KNN,ISO,STD,LOF,PERC
IQR,ZSB,ISO,KNN,STD,LOF,PERC
IQR,ZSB,KNN,ISO,LOF,STD,PERC
IQR,ZSB,ISO,KNN,STD,PERC,LOF
IQR,ZSB,ISO,KNN,STD,PERC,LOF
IQR,ZSB,ISO,KNN,STD,PERC,LOF
IQR,ZSB,ISO,KNN,STD,PERC,LOF
IQR,ZSB,KNN,ISO,STD,LOF,PERC
IQR,ZSB,KNN,ISO,STD,LOF,PERC
IQR,ZSB,ISO,KNN,STD,LOF,PERC
IQR,ZSB,KNN,ISO,STD,LOF,PERC
IQR,ZSB,KNN,ISO,STD,LOF,PERC
IQR,ZSB,ISO,KNN,STD,PERC,LOF
IQR,ZSB,KNN,ISO,STD,LOF,PERC
ZSB,KNN,IQR,ISO,LOF,PERC,STD
ZSB,IQR,KNN,ISO,LOF,PERC,STD
KNN,ZSB,IQR,ISO,LOF,PERC,STD
IQR,ZSB,ISO,KNN,LOF,PERC,STD
IQR,ZSB,KNN,ISO,LOF,PERC,STD
IQR,ZSB,KNN,ISO,LOF,PERC,STD
IQR,ZSB,KNN,ISO,LOF,PERC,STD
IQR,ZSB,KNN,ISO,LOF,PERC,STD
ZSB,IQR,KNN,ISO,LOF,PERC,STD
IQR,ZSB,ISO,KNN,LOF,PERC,STD
IQR,ZSB,KNN,ISO,LOF,PERC,STD
IQR,ZSB,KNN,ISO,LOF,PERC,STD
ZSB,IQR,KNN,ISO,LOF,PERC,STD
IQR,ZSB,KNN,ISO,LOF,PERC,STD
IQR,ZSB,KNN,ISO,LOF,PERC,STD
IQR,ZSB,KNN,ISO,LOF,PERC,STD
IQR,ZSB,KNN,ISO,LOF,PERC,STD
IQR,ZSB,KNN,ISO,LOF,PERC,STD
IQR,ZSB,KNN,ISO,LOF,PERC,STD
KNN,ZSB,IQR,ISO,LOF,PERC,STD
KNN,ZSB,IQR,ISO,LOF,PERC,STD
KNN,ZSB,IQR,ISO,LOF,PERC,STD
ZSB,IQR,KNN,ISO,LOF,PERC,STD
ZSB,IQR,KNN,ISO,LOF,PERC,STD
ZSB,KNN,IQR,ISO,LOF,PERC,STD
KNN,ZSB,IQR,ISO,LOF,PERC,STD
ZSB,IQR,KNN,ISO,LOF,PERC,STD
ZSB,IQR,KNN,ISO,LOF,PERC,STD
ZSB,IQR,KNN,ISO,LOF,PERC,STD
ZSB,IQR,KNN,ISO,LOF,PERC,STD
ZSB,IQR,KNN,ISO,LOF,PERC,STD
ZSB,IQR,KNN,ISO,LOF,PERC,STD
ZSB,IQR,KNN,ISO,LOF,PERC,STD
ZSB,IQR,KNN,ISO,LOF,PERC,STD
ZSB,IQR,KNN,ISO,LOF,PERC,STD
ZSB,IQR,KNN,ISO,LOF,PERC,STD
ZSB,IQR,KNN,ISO,LOF,PERC,STD
ZSB,IQR,KNN,ISO,LOF,PERC,STD
KNN,ZSB,IQR,ISO,LOF,PERC,STD
KNN,ZSB,IQR,ISO,LOF,PERC,STD
KNN,ZSB,IQR,ISO,LOF,PERC,STD
KNN,ZSB,IQR,ISO,LOF,PERC,STD
KNN,ZSB,IQR,ISO,LOF,PERC,STD
KNN,ZSB,IQR,ISO,LOF,PERC,STD
KNN,ZSB,IQR,ISO,LOF,PERC,STD
KNN,ZSB,IQR,ISO,LOF,PERC,STD
KNN,ZSB,IQR,ISO,LOF,PERC,STD
KNN,ZSB,IQR,ISO,LOF,PERC,STD
KNN,ZSB,IQR,ISO,LOF,PERC,STD
KNN,ZSB,IQR,ISO,LOF,PERC,STD
KNN,ZSB,IQR,ISO,LOF,PERC,STD
KNN,ZSB,IQR,ISO,LOF,PERC,STD
KNN,ZSB,IQR,ISO,LOF,PERC,STD
KNN,ZSB,IQR,ISO,LOF,PERC,STD
KNN,ZSB,IQR,ISO,LOF,PERC,STD
KNN,ZSB,IQR,ISO,LOF,PERC,STD
KNN,ZSB,IQR,ISO,LOF,PERC,STD
ISO,IQR,ZSB,KNN,STD,PERC,LOF
ISO,IQR,ZSB,KNN,STD,PERC,LOF
ISO,IQR,ZSB,KNN,STD,PERC,LOF
ISO,IQR,KNN,ZSB,STD,PERC,LOF
ISO,IQR,ZSB,KNN,STD,PERC,LOF
ISO,IQR,ZSB,KNN,STD,PERC,LOF
ISO,IQR,ZSB,KNN,STD,PERC,LOF
ISO,IQR,KNN,ZSB,STD,PERC,LOF
ISO,IQR,ZSB,KNN,STD,PERC,LOF
ISO,IQR,KNN,ZSB,STD,PERC,LOF
ISO,IQR,KNN,ZSB,STD,PERC,LOF
IQR,ISO,ZSB,STD,KNN,PERC,LOF
IQR,ISO,ZSB,KNN,STD,PERC,LOF
IQR,ZSB,ISO,KNN,STD,PERC,LOF
IQR,ISO,ZSB,KNN,STD,LOF,PERC
IQR,ISO,ZSB,STD,KNN,PERC,LOF
IQR,ZSB,ISO,KNN,STD,PERC,LOF
IQR,KNN,ISO,ZSB,STD,PERC,LOF
IQR,ISO,ZSB,KNN,STD,PERC,LOF
IQR,ZSB,KNN,ISO,LOF,PERC,STD
IQR,ZSB,KNN,ISO,LOF,PERC,STD
IQR,ZSB,KNN,ISO,LOF,PERC,STD
IQR,ZSB,KNN,ISO,STD,LOF,PERC
IQR,ZSB,KNN,ISO,LOF,PERC,STD
IQR,ZSB,KNN,ISO,LOF,STD,PERC
IQR,ZSB,KNN,ISO,LOF,STD,PERC
IQR,ZSB,KNN,ISO,LOF,STD,PERC
IQR,ZSB,KNN,ISO,LOF,PERC,STD
IQR,ZSB,KNN,ISO,LOF,STD,PERC
IQR,ZSB,KNN,ISO,STD,LOF,PERC
IQR,ZSB,KNN,ISO,LOF,STD,PERC
IQR,ZSB,KNN,ISO,STD,LOF,PERC
IQR,ZSB,KNN,ISO,STD,LOF,PERC
IQR,ZSB,KNN,ISO,LOF,STD,PERC
IQR,ZSB,KNN,ISO,LOF,STD,PERC
IQR,ZSB,KNN,ISO,LOF,STD,PERC
IQR,ZSB,KNN,ISO,LOF,PERC,STD
IQR,ZSB,KNN,ISO,LOF,STD,PERC
ZSB,IQR,KNN,ISO,LOF,PERC,STD
KNN,ZSB,IQR,ISO,LOF,PERC,STD
ZSB,IQR,KNN,ISO,LOF,PERC,STD
ZSB,KNN,IQR,ISO,LOF,PERC,STD
ZSB,KNN,IQR,ISO,LOF,PERC,STD
KNN,ZSB,IQR,ISO,LOF,PERC,STD
IQR,ZSB,KNN,ISO,LOF,PERC,STD
IQR,ZSB,KNN,ISO,LOF,PERC,STD
KNN,ZSB,IQR,ISO,LOF,PERC,STD
IQR,ZSB,KNN,ISO,LOF,PERC,STD
KNN,ZSB,IQR,ISO,LOF,PERC,STD
ZSB,IQR,KNN,ISO,LOF,PERC,STD
ZSB,IQR,KNN,ISO,LOF,PERC,STD
IQR,ZSB,KNN,ISO,LOF,PERC,STD
ZSB,IQR,KNN,ISO,LOF,PERC,STD
ZSB,IQR,KNN,ISO,LOF,PERC,STD
IQR,ZSB,KNN,ISO,LOF,PERC,STD
IQR,ZSB,KNN,ISO,LOF,PERC,STD
ZSB,IQR,KNN,ISO,LOF,PERC,STD
KNN,ZSB,IQR,ISO,LOF,PERC,STD
KNN,ZSB,IQR,ISO,LOF,PERC,STD
KNN,ZSB,IQR,ISO,LOF,PERC,STD
KNN,ZSB,IQR,ISO,LOF,PERC,STD
ZSB,KNN,IQR,ISO,LOF,PERC,STD
KNN,ZSB,IQR,ISO,LOF,PERC,STD
KNN,ZSB,IQR,ISO,LOF,PERC,STD
KNN,ZSB,IQR,ISO,LOF,PERC,STD
KNN,ZSB,IQR,ISO,LOF,PERC,STD
KNN,ZSB,IQR,ISO,LOF,PERC,STD
ZSB,IQR,KNN,ISO,LOF,PERC,STD
KNN,ZSB,IQR,ISO,LOF,PERC,STD
KNN,ZSB,IQR,ISO,LOF,PERC,STD
ZSB,KNN,IQR,ISO,LOF,PERC,STD
ZSB,IQR,KNN,ISO,LOF,PERC,STD
ZSB,IQR,KNN,ISO,LOF,PERC,STD
KNN,ZSB,IQR,ISO,LOF,PERC,STD
KNN,ZSB,IQR,ISO,LOF,PERC,STD
KNN,ZSB,IQR,ISO,LOF,PERC,STD
KNN,ZSB,IQR,ISO,LOF,PERC,STD
KNN,ZSB,IQR,ISO,LOF,PERC,STD
KNN,ZSB,IQR,ISO,LOF,PERC,STD
KNN,ZSB,IQR,ISO,LOF,PERC,STD
KNN,ZSB,IQR,ISO,LOF,PERC,STD
KNN,ZSB,IQR,ISO,LOF,PERC,STD
KNN,ZSB,IQR,ISO,LOF,PERC,STD
KNN,ZSB,IQR,ISO,LOF,PERC,STD
KNN,ZSB,IQR,ISO,LOF,PERC,STD
KNN,ZSB,IQR,ISO,LOF,PERC,STD
KNN,ZSB,IQR,ISO,LOF,PERC,STD
KNN,ZSB,IQR,ISO,LOF,PERC,STD
KNN,ZSB,IQR,ISO,LOF,PERC,STD
KNN,ZSB,IQR,ISO,LOF,PERC,STD
KNN,ZSB,IQR,ISO,LOF,PERC,STD
KNN,ZSB,IQR,ISO,LOF,PERC,STD
KNN,ZSB,IQR,ISO,LOF,PERC,STD
KNN,ZSB,IQR,ISO,LOF,PERC,STD
KNN,ZSB,IQR,ISO,LOF,PERC,STD
KNN,ISO,IQR,LOF,ZSB,STD,PERC
KNN,IQR,ISO,LOF,ZSB,STD,PERC
KNN,ISO,IQR,LOF,STD,ZSB,PERC
KNN,ISO,IQR,LOF,STD,ZSB,PERC
KNN,ISO,IQR,LOF,STD,ZSB,PERC
KNN,ISO,IQR,LOF,STD,ZSB,PERC
KNN,ISO,IQR,LOF,STD,ZSB,PERC
KNN,ISO,IQR,LOF,STD,ZSB,PERC
KNN,ISO,IQR,LOF,STD,ZSB,PERC
KNN,ISO,IQR,LOF,STD,ZSB,PERC
KNN,ISO,IQR,LOF,STD,ZSB,PERC
KNN,ISO,IQR,LOF,STD,ZSB,PERC
KNN,ISO,IQR,LOF,STD,ZSB,PERC
KNN,ISO,IQR,LOF,STD,ZSB,PERC
KNN,ISO,IQR,LOF,STD,ZSB,PERC
KNN,ISO,IQR,LOF,STD,ZSB,PERC
KNN,ISO,IQR,LOF,STD,ZSB,PERC
KNN,ISO,IQR,LOF,STD,ZSB,PERC
KNN,IQR,ISO,LOF,STD,ZSB,PERC
KNN,IQR,ZSB,ISO,LOF,STD,PERC
KNN,IQR,ZSB,ISO,LOF,STD,PERC
KNN,IQR,ZSB,ISO,LOF,STD,PERC
KNN,ZSB,IQR,ISO,LOF,PERC,STD
KNN,IQR,ZSB,ISO,LOF,PERC,STD
KNN,IQR,ZSB,ISO,LOF,STD,PERC
KNN,IQR,ZSB,ISO,LOF,PERC,STD
KNN,IQR,ZSB,ISO,LOF,STD,PERC
KNN,IQR,ZSB,ISO,LOF,STD,PERC
KNN,IQR,ZSB,ISO,LOF,STD,PERC
KNN,IQR,ZSB,ISO,LOF,STD,PERC
KNN,IQR,ZSB,ISO,LOF,PERC,STD
KNN,IQR,ZSB,ISO,LOF,STD,PERC
KNN,IQR,ZSB,ISO,LOF,STD,PERC
KNN,IQR,ZSB,ISO,LOF,STD,PERC
KNN,IQR,ZSB,ISO,LOF,STD,PERC
KNN,IQR,ZSB,ISO,LOF,STD,PERC
KNN,IQR,ZSB,ISO,LOF,STD,PERC
KNN,IQR,ZSB,ISO,LOF,STD,PERC
KNN,ZSB,IQR,ISO,LOF,PERC,STD
ZSB,KNN,IQR,ISO,LOF,PERC,STD
ZSB,IQR,KNN,ISO,LOF,PERC,STD
ZSB,IQR,KNN,ISO,LOF,PERC,STD
ZSB,IQR,KNN,ISO,LOF,PERC,STD
ZSB,IQR,KNN,ISO,LOF,PERC,STD
ZSB,IQR,KNN,ISO,LOF,PERC,STD
ZSB,IQR,KNN,ISO,LOF,PERC,STD
IQR,ZSB,KNN,ISO,LOF,PERC,STD
ZSB,IQR,KNN,ISO,LOF,PERC,STD
IQR,ZSB,KNN,ISO,LOF,PERC,STD
IQR,ZSB,KNN,ISO,LOF,PERC,STD
IQR,KNN,ZSB,ISO,LOF,PERC,STD
ZSB,IQR,KNN,ISO,LOF,PERC,STD
ZSB,IQR,KNN,ISO,LOF,PERC,STD
ZSB,IQR,KNN,ISO,LOF,PERC,STD
IQR,KNN,ZSB,ISO,LOF,PERC,STD
KNN,IQR,ZSB,ISO,LOF,PERC,STD
IQR,ZSB,KNN,ISO,LOF,PERC,STD
KNN,ZSB,IQR,ISO,LOF,PERC,STD
ZSB,IQR,KNN,ISO,LOF,PERC,STD
ZSB,IQR,KNN,ISO,LOF,PERC,STD
KNN,ZSB,IQR,ISO,LOF,PERC,STD
ZSB,IQR,KNN,ISO,LOF,PERC,STD
ZSB,IQR,KNN,ISO,LOF,PERC,STD
ZSB,IQR,KNN,ISO,LOF,PERC,STD
ZSB,IQR,KNN,ISO,LOF,PERC,STD
ZSB,IQR,KNN,ISO,LOF,PERC,STD
ZSB,IQR,KNN,ISO,LOF,PERC,STD
ZSB,IQR,KNN,ISO,LOF,PERC,STD
ZSB,IQR,KNN,ISO,LOF,PERC,STD
ZSB,IQR,KNN,ISO,LOF,PERC,STD
ZSB,IQR,KNN,ISO,LOF,PERC,STD
ZSB,IQR,KNN,ISO,LOF,PERC,STD
ZSB,IQR,KNN,ISO,LOF,PERC,STD
ZSB,IQR,KNN,ISO,LOF,PERC,STD
ZSB,IQR,KNN,ISO,LOF,PERC,STD
ZSB,IQR,KNN,ISO,LOF,PERC,STD
ZSB,IQR,KNN,ISO,LOF,PERC,STD
ZSB,KNN,IQR,ISO,LOF,PERC,STD
ZSB,KNN,IQR,ISO,LOF,PERC,STD
KNN,ZSB,IQR,ISO,LOF,PERC,STD
ZSB,KNN,IQR,ISO,LOF,PERC,STD
ZSB,KNN,IQR,ISO,LOF,PERC,STD
KNN,ZSB,IQR,ISO,LOF,PERC,STD
ZSB,KNN,IQR,ISO,LOF,PERC,STD
ZSB,IQR,KNN,ISO,LOF,PERC,STD
ZSB,IQR,KNN,ISO,LOF,PERC,STD
ZSB,IQR,KNN,ISO,LOF,PERC,STD
ZSB,KNN,IQR,ISO,LOF,PERC,STD
ZSB,IQR,KNN,ISO,LOF,PERC,STD
ZSB,IQR,KNN,ISO,LOF,PERC,STD
ZSB,IQR,KNN,ISO,LOF,PERC,STD
ZSB,KNN,IQR,ISO,LOF,PERC,STD
ZSB,IQR,KNN,ISO,LOF,PERC,STD
ZSB,IQR,KNN,ISO,LOF,PERC,STD
ZSB,IQR,KNN,ISO,LOF,PERC,STD
ISO,IQR,ZSB,KNN,STD,LOF,PERC
ISO,IQR,KNN,ZSB,STD,LOF,PERC
ISO,IQR,ZSB,KNN,STD,LOF,PERC
ISO,KNN,IQR,ZSB,STD,LOF,PERC
ISO,KNN,IQR,ZSB,STD,LOF,PERC
ISO,KNN,IQR,ZSB,STD,LOF,PERC
ISO,IQR,ZSB,KNN,STD,LOF,PERC
ISO,KNN,IQR,ZSB,STD,LOF,PERC
ISO,KNN,IQR,ZSB,STD,LOF,PERC
ISO,IQR,ZSB,KNN,STD,LOF,PERC
ISO,IQR,ZSB,KNN,STD,LOF,PERC
ISO,IQR,ZSB,KNN,STD,LOF,PERC
ISO,IQR,ZSB,KNN,STD,LOF,PERC
ISO,IQR,ZSB,KNN,STD,LOF,PERC
ISO,KNN,IQR,ZSB,STD,LOF,PERC
ISO,IQR,KNN,ZSB,STD,LOF,PERC
ISO,IQR,ZSB,KNN,STD,LOF,PERC
ISO,IQR,ZSB,KNN,STD,LOF,PERC
ISO,IQR,KNN,ZSB,STD,LOF,PERC
ZSB,IQR,KNN,ISO,LOF,PERC,STD
ZSB,IQR,KNN,ISO,LOF,STD,PERC
KNN,ZSB,IQR,ISO,LOF,STD,PERC
ZSB,IQR,KNN,ISO,LOF,STD,PERC
KNN,ZSB,IQR,ISO,STD,LOF,PERC
IQR,ZSB,KNN,ISO,LOF,STD,PERC
IQR,ZSB,KNN,ISO,LOF,STD,PERC
IQR,ZSB,KNN,ISO,STD,LOF,PERC
IQR,ZSB,KNN,ISO,LOF,STD,PERC
IQR,ZSB,KNN,ISO,LOF,STD,PERC
KNN,IQR,ZSB,ISO,LOF,PERC,STD
IQR,ZSB,KNN,ISO,LOF,STD,PERC
IQR,ZSB,KNN,ISO,LOF,STD,PERC
IQR,ZSB,KNN,ISO,LOF,STD,PERC
IQR,ZSB,KNN,ISO,LOF,STD,PERC
IQR,ZSB,KNN,ISO,LOF,STD,PERC
IQR,ZSB,KNN,ISO,STD,LOF,PERC
IQR,ZSB,ISO,KNN,LOF,STD,PERC
IQR,ZSB,KNN,ISO,LOF,STD,PERC
ZSB,IQR,KNN,ISO,LOF,PERC,STD
ZSB,IQR,KNN,ISO,LOF,PERC,STD
ZSB,IQR,KNN,ISO,LOF,PERC,STD
ZSB,IQR,KNN,ISO,LOF,PERC,STD
ZSB,IQR,KNN,ISO,LOF,PERC,STD
ZSB,IQR,KNN,ISO,LOF,PERC,STD
ZSB,IQR,KNN,ISO,LOF,PERC,STD
ZSB,IQR,KNN,ISO,LOF,PERC,STD
ZSB,IQR,KNN,ISO,LOF,PERC,STD
ZSB,IQR,KNN,ISO,LOF,PERC,STD
ZSB,IQR,KNN,ISO,LOF,PERC,STD
ZSB,IQR,KNN,ISO,LOF,PERC,STD
ZSB,IQR,KNN,ISO,LOF,PERC,STD
ZSB,IQR,KNN,ISO,LOF,PERC,STD
ZSB,IQR,KNN,ISO,LOF,PERC,STD
ZSB,IQR,KNN,ISO,LOF,PERC,STD
ZSB,IQR,KNN,ISO,LOF,PERC,STD
ZSB,IQR,KNN,ISO,LOF,PERC,STD
ZSB,IQR,KNN,ISO,LOF,PERC,STD
ZSB,IQR,KNN,ISO,LOF,PERC,STD
ZSB,IQR,KNN,ISO,LOF,PERC,STD
ZSB,IQR,KNN,ISO,LOF,PERC,STD
ZSB,IQR,KNN,ISO,LOF,PERC,STD
ZSB,IQR,KNN,ISO,LOF,PERC,STD
ZSB,IQR,KNN,ISO,LOF,PERC,STD
ZSB,IQR,KNN,ISO,LOF,PERC,STD
ZSB,IQR,KNN,ISO,LOF,PERC,STD
ZSB,IQR,KNN,ISO,LOF,PERC,STD
ZSB,IQR,KNN,ISO,LOF,PERC,STD
ZSB,IQR,KNN,ISO,LOF,PERC,STD
ZSB,IQR,KNN,ISO,LOF,PERC,STD
ZSB,IQR,KNN,ISO,LOF,PERC,STD
ZSB,IQR,KNN,ISO,LOF,PERC,STD
ZSB,IQR,KNN,ISO,LOF,PERC,STD
ZSB,IQR,KNN,ISO,LOF,PERC,STD
ZSB,IQR,KNN,ISO,LOF,PERC,STD
ZSB,IQR,KNN,ISO,LOF,PERC,STD
ZSB,IQR,KNN,ISO,LOF,PERC,STD
ZSB,KNN,IQR,ISO,LOF,PERC,STD
KNN,ZSB,IQR,ISO,LOF,PERC,STD
KNN,ZSB,IQR,ISO,LOF,PERC,STD
KNN,ZSB,IQR,ISO,LOF,PERC,STD
KNN,ZSB,IQR,ISO,LOF,PERC,STD
KNN,ZSB,IQR,ISO,LOF,PERC,STD
KNN,ZSB,IQR,ISO,LOF,PERC,STD
KNN,ZSB,IQR,ISO,LOF,PERC,STD
KNN,ZSB,IQR,ISO,LOF,PERC,STD
KNN,ZSB,IQR,ISO,LOF,PERC,STD
ZSB,IQR,KNN,ISO,LOF,PERC,STD
ZSB,KNN,IQR,ISO,LOF,PERC,STD
ZSB,IQR,KNN,ISO,LOF,PERC,STD
ZSB,KNN,IQR,ISO,LOF,PERC,STD
ZSB,KNN,IQR,ISO,LOF,PERC,STD
ZSB,IQR,KNN,ISO,LOF,PERC,STD
ZSB,KNN,IQR,ISO,LOF,PERC,STD
ZSB,KNN,IQR,ISO,LOF,PERC,STD
ZSB,KNN,IQR,ISO,LOF,PERC,STD
IQR,ZSB,KNN,ISO,STD,PERC,LOF
ISO,IQR,KNN,ZSB,STD,PERC,LOF
IQR,ISO,KNN,ZSB,STD,PERC,LOF
KNN,IQR,ISO,ZSB,STD,PERC,LOF
KNN,IQR,ISO,ZSB,STD,PERC,LOF
KNN,ISO,IQR,ZSB,STD,PERC,LOF
KNN,ISO,IQR,ZSB,STD,PERC,LOF
KNN,ISO,IQR,ZSB,STD,PERC,LOF
ISO,KNN,IQR,ZSB,STD,PERC,LOF
ISO,KNN,IQR,ZSB,STD,PERC,LOF
ISO,KNN,IQR,ZSB,STD,PERC,LOF
IQR,ISO,ZSB,KNN,STD,LOF,PERC
KNN,ISO,IQR,ZSB,STD,LOF,PERC
IQR,ISO,ZSB,KNN,STD,LOF,PERC
IQR,ISO,KNN,ZSB,STD,LOF,PERC
ISO,IQR,ZSB,KNN,STD,LOF,PERC
ISO,KNN,IQR,ZSB,STD,LOF,PERC
IQR,ISO,ZSB,KNN,STD,LOF,PERC
ISO,KNN,IQR,ZSB,STD,LOF,PERC
IQR,ZSB,ISO,KNN,LOF,STD,PERC
IQR,ZSB,KNN,ISO,STD,LOF,PERC
ZSB,IQR,ISO,KNN,LOF,STD,PERC
ZSB,KNN,IQR,ISO,LOF,STD,PERC
KNN,ZSB,IQR,ISO,STD,LOF,PERC
IQR,ZSB,KNN,ISO,LOF,STD,PERC
IQR,KNN,ZSB,ISO,STD,LOF,PERC
IQR,KNN,ZSB,ISO,STD,LOF,PERC
IQR,ZSB,KNN,ISO,STD,LOF,PERC
IQR,ZSB,ISO,KNN,LOF,STD,PERC
IQR,ZSB,ISO,KNN,LOF,STD,PERC
KNN,IQR,ZSB,ISO,STD,LOF,PERC
IQR,ZSB,KNN,ISO,STD,LOF,PERC
IQR,ZSB,KNN,ISO,LOF,STD,PERC
KNN,IQR,ZSB,ISO,STD,LOF,PERC
IQR,ZSB,KNN,ISO,STD,LOF,PERC
IQR,ZSB,KNN,ISO,LOF,STD,PERC
IQR,ZSB,KNN,ISO,LOF,STD,PERC
IQR,ZSB,KNN,ISO,LOF,STD,PERC
ZSB,IQR,KNN,ISO,LOF,PERC,STD
ZSB,IQR,KNN,ISO,LOF,PERC,STD
ZSB,IQR,KNN,ISO,LOF,PERC,STD
ZSB,IQR,KNN,ISO,LOF,PERC,STD
ZSB,IQR,KNN,ISO,LOF,PERC,STD
ZSB,IQR,KNN,ISO,LOF,PERC,STD
ZSB,IQR,KNN,ISO,LOF,PERC,STD
IQR,ZSB,KNN,ISO,LOF,PERC,STD
IQR,ZSB,KNN,ISO,LOF,PERC,STD
ZSB,IQR,KNN,ISO,LOF,PERC,STD
IQR,ZSB,KNN,ISO,LOF,PERC,STD
ZSB,IQR,KNN,ISO,LOF,PERC,STD
IQR,ZSB,KNN,ISO,LOF,PERC,STD
IQR,ZSB,KNN,ISO,LOF,PERC,STD
IQR,ZSB,KNN,ISO,LOF,PERC,STD
ZSB,IQR,KNN,ISO,LOF,PERC,STD
IQR,ZSB,KNN,ISO,LOF,PERC,STD
IQR,ZSB,KNN,ISO,LOF,PERC,STD
IQR,ZSB,KNN,ISO,LOF,PERC,STD
ZSB,IQR,KNN,ISO,LOF,PERC,STD
ZSB,IQR,KNN,ISO,LOF,PERC,STD
ZSB,IQR,KNN,ISO,LOF,PERC,STD
ZSB,IQR,KNN,ISO,LOF,PERC,STD
ZSB,IQR,KNN,ISO,LOF,PERC,STD
ZSB,IQR,KNN,ISO,LOF,PERC,STD
ZSB,IQR,KNN,ISO,LOF,PERC,STD
ZSB,IQR,KNN,ISO,LOF,PERC,STD
ZSB,IQR,KNN,ISO,LOF,PERC,STD
ZSB,IQR,KNN,ISO,LOF,PERC,STD
ZSB,IQR,KNN,ISO,LOF,PERC,STD
ZSB,IQR,KNN,ISO,LOF,PERC,STD
ZSB,IQR,KNN,ISO,LOF,PERC,STD
ZSB,IQR,KNN,ISO,LOF,PERC,STD
ZSB,IQR,KNN,ISO,LOF,PERC,STD
ZSB,IQR,KNN,ISO,LOF,PERC,STD
ZSB,IQR,KNN,ISO,LOF,PERC,STD
ZSB,IQR,KNN,ISO,LOF,PERC,STD
ZSB,IQR,KNN,ISO,LOF,PERC,STD
ZSB,KNN,IQR,ISO,LOF,PERC,STD
ZSB,KNN,IQR,ISO,LOF,PERC,STD
ZSB,KNN,IQR,ISO,LOF,PERC,STD
ZSB,KNN,IQR,ISO,LOF,PERC,STD
ZSB,KNN,IQR,ISO,LOF,PERC,STD
ZSB,KNN,IQR,ISO,LOF,PERC,STD
ZSB,KNN,IQR,ISO,LOF,PERC,STD
ZSB,IQR,KNN,ISO,LOF,PERC,STD
ZSB,KNN,IQR,ISO,LOF,PERC,STD
ZSB,KNN,IQR,ISO,LOF,PERC,STD
ZSB,KNN,IQR,ISO,LOF,PERC,STD
ZSB,KNN,IQR,ISO,LOF,PERC,STD
ZSB,KNN,IQR,ISO,LOF,PERC,STD
ZSB,KNN,IQR,ISO,LOF,PERC,STD
ZSB,IQR,KNN,ISO,LOF,PERC,STD
ZSB,IQR,KNN,ISO,LOF,PERC,STD
ZSB,IQR,KNN,ISO,LOF,PERC,STD
ZSB,IQR,KNN,ISO,LOF,PERC,STD
ZSB,IQR,KNN,ISO,LOF,PERC,STD
IQR,ZSB,KNN,ISO,LOF,STD,PERC
IQR,KNN,ZSB,ISO,LOF,STD,PERC
IQR,ZSB,ISO,KNN,STD,LOF,PERC
ISO,IQR,ZSB,KNN,STD,LOF,PERC
IQR,ZSB,ISO,KNN,STD,LOF,PERC
ISO,IQR,ZSB,STD,KNN,LOF,PERC
IQR,ZSB,ISO,STD,LOF,KNN,PERC
IQR,ZSB,ISO,STD,KNN,LOF,PERC
IQR,ZSB,ISO,KNN,STD,LOF,PERC
IQR,ISO,ZSB,KNN,STD,LOF,PERC
IQR,ISO,ZSB,STD,KNN,LOF,PERC
IQR,ISO,ZSB,STD,KNN,LOF,PERC
ISO,IQR,ZSB,STD,LOF,KNN,PERC
ISO,IQR,ZSB,KNN,STD,LOF,PERC
IQR,ZSB,ISO,KNN,STD,LOF,PERC
IQR,ISO,ZSB,KNN,STD,LOF,PERC
IQR,ISO,ZSB,KNN,STD,LOF,PERC
IQR,ZSB,ISO,KNN,STD,LOF,PERC
ISO,IQR,ZSB,KNN,STD,LOF,PERC
IQR,ZSB,KNN,ISO,LOF,STD,PERC
IQR,ZSB,KNN,ISO,LOF,PERC,STD
IQR,ZSB,KNN,ISO,LOF,STD,PERC
IQR,ZSB,ISO,KNN,LOF,STD,PERC
IQR,ZSB,ISO,KNN,LOF,STD,PERC
IQR,ZSB,ISO,KNN,LOF,STD,PERC
IQR,ZSB,ISO,KNN,LOF,STD,PERC
IQR,ZSB,KNN,ISO,LOF,STD,PERC
IQR,ZSB,ISO,KNN,LOF,STD,PERC
ZSB,IQR,ISO,KNN,LOF,STD,PERC
IQR,ZSB,KNN,ISO,LOF,STD,PERC
IQR,ZSB,ISO,KNN,LOF,STD,PERC
IQR,ZSB,ISO,KNN,LOF,STD,PERC
IQR,ZSB,ISO,KNN,LOF,STD,PERC
IQR,ZSB,KNN,ISO,STD,LOF,PERC
IQR,ZSB,KNN,ISO,LOF,STD,PERC
IQR,ZSB,KNN,ISO,STD,LOF,PERC
IQR,ZSB,KNN,ISO,LOF,STD,PERC
IQR,ZSB,ISO,KNN,LOF,STD,PERC
ZSB,IQR,KNN,ISO,LOF,PERC,STD
ZSB,IQR,KNN,ISO,LOF,PERC,STD
ZSB,IQR,KNN,ISO,LOF,PERC,STD
IQR,ZSB,KNN,ISO,LOF,PERC,STD
ZSB,IQR,ISO,KNN,LOF,PERC,STD
IQR,ZSB,KNN,ISO,LOF,PERC,STD
ZSB,IQR,ISO,KNN,LOF,PERC,STD
ZSB,IQR,ISO,KNN,LOF,PERC,STD
ZSB,IQR,ISO,KNN,LOF,PERC,STD
IQR,ZSB,ISO,KNN,LOF,PERC,STD
ZSB,IQR,KNN,ISO,LOF,PERC,STD
ZSB,IQR,KNN,ISO,LOF,PERC,STD
IQR,ZSB,KNN,ISO,LOF,PERC,STD
IQR,ZSB,KNN,ISO,LOF,PERC,STD
IQR,ZSB,KNN,ISO,LOF,PERC,STD
IQR,ZSB,KNN,ISO,LOF,PERC,STD
IQR,ZSB,KNN,ISO,LOF,PERC,STD
IQR,ZSB,KNN,ISO,LOF,PERC,STD
IQR,ZSB,KNN,ISO,LOF,PERC,STD
ZSB,IQR,KNN,ISO,LOF,PERC,STD
ZSB,IQR,KNN,ISO,LOF,PERC,STD
ZSB,IQR,KNN,ISO,LOF,PERC,STD
ZSB,IQR,KNN,ISO,LOF,PERC,STD
ZSB,IQR,KNN,ISO,LOF,PERC,STD
ZSB,IQR,KNN,ISO,LOF,PERC,STD
ZSB,IQR,KNN,ISO,LOF,PERC,STD
IQR,ZSB,KNN,ISO,LOF,PERC,STD
ZSB,IQR,KNN,ISO,LOF,PERC,STD
ZSB,IQR,KNN,ISO,LOF,PERC,STD
ZSB,IQR,KNN,ISO,LOF,PERC,STD
ZSB,IQR,KNN,ISO,LOF,PERC,STD
IQR,ZSB,KNN,ISO,LOF,PERC,STD
IQR,ZSB,KNN,ISO,LOF,PERC,STD
IQR,ZSB,KNN,ISO,LOF,PERC,STD
IQR,ZSB,KNN,ISO,LOF,PERC,STD
IQR,ZSB,KNN,ISO,LOF,PERC,STD
IQR,ZSB,KNN,ISO,LOF,PERC,STD
IQR,ZSB,KNN,ISO,LOF,PERC,STD
KNN,ZSB,IQR,ISO,LOF,PERC,STD
ZSB,KNN,IQR,ISO,LOF,PERC,STD
ZSB,KNN,IQR,ISO,LOF,PERC,STD
ZSB,KNN,IQR,ISO,LOF,PERC,STD
ZSB,KNN,IQR,ISO,LOF,PERC,STD
ZSB,IQR,KNN,ISO,LOF,PERC,STD
ZSB,IQR,KNN,ISO,LOF,PERC,STD
ZSB,IQR,KNN,ISO,LOF,PERC,STD
ZSB,IQR,KNN,ISO,LOF,PERC,STD
ZSB,IQR,KNN,ISO,LOF,PERC,STD
ZSB,IQR,KNN,ISO,LOF,PERC,STD
ZSB,IQR,KNN,ISO,LOF,PERC,STD
ZSB,IQR,KNN,ISO,LOF,PERC,STD
ZSB,IQR,KNN,ISO,LOF,PERC,STD
ZSB,IQR,KNN,ISO,LOF,PERC,STD
ZSB,IQR,KNN,ISO,LOF,PERC,STD
ZSB,IQR,KNN,ISO,LOF,PERC,STD
ZSB,IQR,KNN,ISO,LOF,PERC,STD
ZSB,IQR,KNN,ISO,LOF,PERC,STD
IQR,ISO,ZSB,KNN,LOF,STD,PERC
ISO,KNN,IQR,ZSB,LOF,STD,PERC
KNN,IQR,ISO,ZSB,LOF,STD,PERC
ISO,IQR,ZSB,KNN,STD,LOF,PERC
KNN,IQR,ISO,ZSB,LOF,STD,PERC
ISO,IQR,ZSB,KNN,STD,LOF,PERC
ISO,IQR,ZSB,KNN,STD,LOF,PERC
ISO,IQR,ZSB,KNN,STD,LOF,PERC
IQR,KNN,ISO,ZSB,LOF,STD,PERC
IQR,KNN,ZSB,ISO,LOF,STD,PERC
IQR,ZSB,ISO,KNN,STD,LOF,PERC
IQR,KNN,ISO,ZSB,LOF,STD,PERC
ISO,IQR,KNN,ZSB,STD,LOF,PERC
IQR,KNN,ISO,ZSB,LOF,STD,PERC
IQR,ZSB,ISO,KNN,STD,LOF,PERC
ISO,IQR,KNN,ZSB,STD,LOF,PERC
IQR,KNN,ZSB,ISO,LOF,STD,PERC
KNN,IQR,ISO,LOF,STD,ZSB,PERC
ISO,IQR,KNN,ZSB,STD,LOF,PERC
KNN,ZSB,IQR,ISO,LOF,PERC,STD
ZSB,IQR,KNN,ISO,LOF,PERC,STD
KNN,IQR,ZSB,ISO,LOF,PERC,STD
ZSB,IQR,ISO,KNN,LOF,PERC,STD
ZSB,IQR,KNN,ISO,LOF,PERC,STD
KNN,IQR,ZSB,ISO,LOF,PERC,STD
IQR,KNN,ZSB,ISO,LOF,PERC,STD
KNN,IQR,ZSB,ISO,LOF,STD,PERC
KNN,IQR,ZSB,ISO,LOF,STD,PERC
IQR,ZSB,KNN,ISO,LOF,STD,PERC
KNN,IQR,ZSB,ISO,LOF,PERC,STD
KNN,IQR,ZSB,ISO,LOF,STD,PERC
IQR,KNN,ZSB,ISO,LOF,PERC,STD
IQR,ZSB,KNN,ISO,STD,LOF,PERC
KNN,IQR,ZSB,ISO,LOF,STD,PERC
IQR,ZSB,KNN,ISO,LOF,STD,PERC
IQR,ZSB,KNN,ISO,LOF,STD,PERC
IQR,KNN,ZSB,ISO,LOF,STD,PERC
IQR,ZSB,KNN,ISO,LOF,STD,PERC
KNN,ZSB,IQR,ISO,LOF,PERC,STD
KNN,ZSB,IQR,ISO,LOF,PERC,STD
KNN,ZSB,IQR,ISO,LOF,PERC,STD
ZSB,IQR,KNN,ISO,LOF,PERC,STD
ZSB,IQR,KNN,ISO,LOF,PERC,STD
ZSB,IQR,KNN,ISO,LOF,PERC,STD
ZSB,IQR,KNN,ISO,LOF,PERC,STD
IQR,ZSB,KNN,ISO,LOF,PERC,STD
ZSB,IQR,KNN,ISO,LOF,PERC,STD
IQR,ZSB,KNN,ISO,LOF,PERC,STD
IQR,ZSB,KNN,ISO,LOF,PERC,STD
IQR,ZSB,KNN,ISO,LOF,PERC,STD
IQR,ZSB,KNN,ISO,LOF,PERC,STD
IQR,ZSB,KNN,ISO,LOF,PERC,STD
IQR,ZSB,KNN,ISO,LOF,PERC,STD
IQR,ZSB,KNN,ISO,LOF,PERC,STD
IQR,ZSB,KNN,ISO,LOF,PERC,STD
IQR,ZSB,KNN,ISO,LOF,PERC,STD
IQR,ZSB,KNN,ISO,LOF,PERC,STD
KNN,ZSB,IQR,ISO,LOF,PERC,STD
ZSB,IQR,KNN,ISO,LOF,PERC,STD
ZSB,IQR,KNN,ISO,LOF,PERC,STD
ZSB,IQR,KNN,ISO,LOF,PERC,STD
ZSB,IQR,KNN,ISO,LOF,PERC,STD
ZSB,IQR,KNN,ISO,LOF,PERC,STD
ZSB,IQR,KNN,ISO,LOF,PERC,STD
ZSB,IQR,KNN,ISO,LOF,PERC,STD
ZSB,IQR,KNN,ISO,LOF,PERC,STD
ZSB,IQR,KNN,ISO,LOF,PERC,STD
ZSB,IQR,KNN,ISO,LOF,PERC,STD
ZSB,IQR,KNN,ISO,LOF,PERC,STD
ZSB,IQR,KNN,ISO,LOF,PERC,STD
ZSB,IQR,KNN,ISO,LOF,PERC,STD
ZSB,IQR,KNN,ISO,LOF,PERC,STD
ZSB,IQR,KNN,ISO,LOF,PERC,STD
ZSB,IQR,KNN,ISO,LOF,PERC,STD
ZSB,IQR,KNN,ISO,LOF,PERC,STD
ZSB,IQR,KNN,ISO,LOF,PERC,STD
ZSB,KNN,IQR,ISO,LOF,PERC,STD
KNN,ZSB,IQR,ISO,LOF,PERC,STD
ZSB,KNN,IQR,ISO,LOF,PERC,STD
ZSB,KNN,IQR,ISO,LOF,PERC,STD
ZSB,IQR,KNN,ISO,LOF,PERC,STD
ZSB,IQR,KNN,ISO,LOF,PERC,STD
ZSB,IQR,KNN,ISO,LOF,PERC,STD
ZSB,IQR,KNN,ISO,LOF,PERC,STD
ZSB,IQR,KNN,ISO,LOF,PERC,STD
ZSB,IQR,KNN,ISO,LOF,PERC,STD
ZSB,IQR,KNN,ISO,LOF,PERC,STD
ZSB,IQR,KNN,ISO,LOF,PERC,STD
ZSB,KNN,IQR,ISO,LOF,PERC,STD
ZSB,KNN,IQR,ISO,LOF,PERC,STD
ZSB,IQR,KNN,ISO,LOF,PERC,STD
ZSB,IQR,KNN,ISO,LOF,PERC,STD
ZSB,KNN,IQR,ISO,LOF,PERC,STD
ZSB,IQR,KNN,ISO,LOF,PERC,STD
ZSB,IQR,KNN,ISO,LOF,PERC,STD
IQR,ZSB,KNN,ISO,STD,PERC,LOF
IQR,ISO,ZSB,STD,LOF,KNN,PERC
ISO,IQR,ZSB,STD,LOF,KNN,PERC
IQR,ISO,ZSB,STD,KNN,LOF,PERC
IQR,ISO,ZSB,STD,LOF,KNN,PERC
ISO,IQR,ZSB,STD,KNN,LOF,PERC
ISO,IQR,ZSB,STD,KNN,LOF,PERC
ISO,IQR,ZSB,STD,KNN,LOF,PERC
ISO,IQR,ZSB,STD,KNN,PERC,LOF
ISO,IQR,ZSB,STD,KNN,LOF,PERC
IQR,ISO,ZSB,STD,LOF,PERC,KNN
ISO,IQR,ZSB,STD,LOF,PERC,KNN
ISO,IQR,ZSB,STD,KNN,LOF,PERC
ISO,IQR,ZSB,STD,KNN,LOF,PERC
ISO,IQR,ZSB,STD,LOF,PERC,KNN
ISO,IQR,ZSB,STD,LOF,KNN,PERC
ISO,IQR,ZSB,STD,LOF,KNN,PERC
ISO,IQR,ZSB,STD,KNN,LOF,PERC
ISO,IQR,ZSB,STD,LOF,KNN,PERC
IQR,ZSB,KNN,ISO,LOF,STD,PERC
IQR,ZSB,ISO,KNN,STD,LOF,PERC
IQR,ZSB,KNN,ISO,STD,LOF,PERC
IQR,ZSB,ISO,KNN,LOF,STD,PERC
IQR,ZSB,ISO,KNN,STD,LOF,PERC
IQR,ZSB,ISO,KNN,STD,LOF,PERC
IQR,ZSB,ISO,KNN,LOF,STD,PERC
IQR,ZSB,ISO,KNN,LOF,STD,PERC
IQR,ZSB,ISO,KNN,STD,LOF,PERC
IQR,ZSB,ISO,KNN,STD,LOF,PERC
IQR,ZSB,ISO,KNN,STD,LOF,PERC
IQR,ZSB,ISO,KNN,STD,LOF,PERC
IQR,ZSB,ISO,KNN,STD,LOF,PERC
IQR,ZSB,ISO,LOF,KNN,STD,PERC
IQR,ZSB,ISO,KNN,STD,LOF,PERC
IQR,ZSB,ISO,KNN,STD,LOF,PERC
IQR,ZSB,ISO,KNN,STD,PERC,LOF
IQR,ZSB,ISO,KNN,STD,LOF,PERC
IQR,ZSB,ISO,LOF,STD,KNN,PERC
ZSB,IQR,KNN,ISO,LOF,PERC,STD
ZSB,IQR,KNN,ISO,LOF,PERC,STD
IQR,ZSB,KNN,ISO,LOF,PERC,STD
IQR,ZSB,ISO,KNN,LOF,PERC,STD
IQR,ZSB,ISO,KNN,LOF,PERC,STD
IQR,ZSB,KNN,ISO,LOF,PERC,STD
IQR,ZSB,KNN,ISO,LOF,PERC,STD
IQR,ZSB,ISO,KNN,LOF,PERC,STD
IQR,ZSB,KNN,ISO,LOF,PERC,STD
IQR,ZSB,KNN,ISO,LOF,PERC,STD
IQR,ZSB,KNN,ISO,LOF,PERC,STD
IQR,ZSB,ISO,KNN,LOF,STD,PERC
IQR,ZSB,KNN,ISO,LOF,PERC,STD
IQR,ZSB,ISO,KNN,LOF,PERC,STD
IQR,ZSB,ISO,KNN,LOF,PERC,STD
IQR,ZSB,ISO,KNN,LOF,STD,PERC
IQR,ZSB,ISO,KNN,LOF,PERC,STD
IQR,ZSB,ISO,KNN,LOF,PERC,STD
IQR,ZSB,ISO,KNN,LOF,STD,PERC
ZSB,IQR,KNN,ISO,LOF,PERC,STD
ZSB,IQR,KNN,ISO,LOF,PERC,STD
IQR,ZSB,KNN,ISO,LOF,PERC,STD
ZSB,IQR,KNN,ISO,LOF,PERC,STD
IQR,ZSB,KNN,ISO,LOF,PERC,STD
ZSB,IQR,KNN,ISO,LOF,PERC,STD
ZSB,IQR,KNN,ISO,LOF,PERC,STD
ZSB,IQR,KNN,ISO,LOF,PERC,STD
ZSB,IQR,KNN,ISO,LOF,PERC,STD
ZSB,IQR,KNN,ISO,LOF,PERC,STD
IQR,ZSB,KNN,ISO,LOF,PERC,STD
IQR,ZSB,KNN,ISO,LOF,PERC,STD
IQR,ZSB,KNN,ISO,LOF,PERC,STD
ZSB,IQR,KNN,ISO,LOF,PERC,STD
IQR,ZSB,KNN,ISO,LOF,PERC,STD
IQR,ZSB,KNN,ISO,LOF,PERC,STD
IQR,ZSB,KNN,ISO,LOF,PERC,STD
IQR,ZSB,KNN,ISO,LOF,PERC,STD
IQR,ZSB,KNN,ISO,LOF,PERC,STD
ZSB,KNN,IQR,ISO,LOF,PERC,STD
ZSB,IQR,KNN,ISO,LOF,PERC,STD
ZSB,IQR,KNN,ISO,LOF,PERC,STD
ZSB,IQR,KNN,ISO,LOF,PERC,STD
ZSB,IQR,KNN,ISO,LOF,PERC,STD
ZSB,IQR,KNN,ISO,LOF,PERC,STD
ZSB,IQR,KNN,ISO,LOF,PERC,STD
ZSB,IQR,KNN,ISO,LOF,PERC,STD
ZSB,IQR,KNN,ISO,LOF,PERC,STD
ZSB,IQR,KNN,ISO,LOF,PERC,STD
ZSB,IQR,KNN,ISO,LOF,PERC,STD
ZSB,IQR,KNN,ISO,LOF,PERC,STD
ZSB,IQR,KNN,ISO,LOF,PERC,STD
ZSB,IQR,KNN,ISO,LOF,PERC,STD
ZSB,IQR,KNN,ISO,LOF,PERC,STD
ZSB,IQR,KNN,ISO,LOF,PERC,STD
ZSB,IQR,KNN,ISO,LOF,PERC,STD
ZSB,IQR,KNN,ISO,LOF,PERC,STD
ZSB,IQR,KNN,ISO,LOF,PERC,STD
ISO,IQR,KNN,ZSB,STD,PERC,LOF
ISO,KNN,IQR,ZSB,STD,PERC,LOF
ISO,KNN,IQR,ZSB,STD,PERC,LOF
ISO,KNN,IQR,ZSB,STD,PERC,LOF
ISO,KNN,IQR,ZSB,STD,PERC,LOF
ISO,KNN,IQR,ZSB,STD,PERC,LOF
ISO,KNN,IQR,ZSB,STD,PERC,LOF
ISO,IQR,KNN,ZSB,STD,PERC,LOF
KNN,ISO,IQR,ZSB,STD,PERC,LOF
ISO,KNN,IQR,ZSB,STD,PERC,LOF
ISO,KNN,IQR,ZSB,STD,LOF,PERC
KNN,ISO,IQR,ZSB,STD,LOF,PERC
ISO,KNN,IQR,ZSB,STD,LOF,PERC
ISO,KNN,IQR,ZSB,STD,LOF,PERC
ISO,KNN,IQR,ZSB,STD,LOF,PERC
KNN,ISO,IQR,ZSB,STD,LOF,PERC
KNN,ISO,IQR,ZSB,STD,LOF,PERC
KNN,ISO,IQR,ZSB,STD,LOF,PERC
KNN,ISO,IQR,ZSB,STD,LOF,PERC
KNN,IQR,ZSB,ISO,STD,LOF,PERC
KNN,IQR,ZSB,ISO,STD,LOF,PERC
KNN,IQR,ZSB,ISO,STD,LOF,PERC
IQR,ZSB,KNN,ISO,STD,LOF,PERC
IQR,ZSB,KNN,ISO,STD,LOF,PERC
KNN,IQR,ZSB,ISO,STD,LOF,PERC
IQR,KNN,ZSB,ISO,STD,LOF,PERC
KNN,IQR,ZSB,ISO,STD,LOF,PERC
KNN,IQR,ZSB,ISO,STD,LOF,PERC
IQR,ZSB,KNN,ISO,STD,LOF,PERC
KNN,IQR,ZSB,ISO,STD,LOF,PERC
IQR,ZSB,KNN,ISO,STD,LOF,PERC
IQR,ZSB,KNN,ISO,LOF,STD,PERC
IQR,ZSB,KNN,ISO,LOF,STD,PERC
IQR,KNN,ZSB,ISO,STD,LOF,PERC
KNN,IQR,ZSB,ISO,STD,LOF,PERC
IQR,ZSB,KNN,ISO,LOF,STD,PERC
KNN,IQR,ZSB,ISO,STD,LOF,PERC
KNN,IQR,ZSB,ISO,LOF,STD,PERC
ZSB,KNN,IQR,ISO,LOF,PERC,STD
ZSB,KNN,IQR,ISO,LOF,PERC,STD
ZSB,IQR,KNN,ISO,LOF,PERC,STD
ZSB,IQR,KNN,ISO,LOF,PERC,STD
KNN,ZSB,IQR,ISO,LOF,PERC,STD
ZSB,IQR,KNN,ISO,LOF,PERC,STD
ZSB,KNN,IQR,ISO,LOF,PERC,STD
ZSB,KNN,IQR,ISO,LOF,PERC,STD
ZSB,IQR,KNN,ISO,LOF,PERC,STD
IQR,ZSB,KNN,ISO,LOF,PERC,STD
IQR,ZSB,KNN,ISO,LOF,PERC,STD
IQR,ZSB,KNN,ISO,LOF,PERC,STD
IQR,ZSB,KNN,ISO,LOF,PERC,STD
IQR,ZSB,KNN,ISO,LOF,PERC,STD
IQR,ZSB,KNN,ISO,LOF,PERC,STD
IQR,KNN,ZSB,ISO,LOF,PERC,STD
IQR,ZSB,KNN,ISO,LOF,PERC,STD
IQR,KNN,ZSB,ISO,LOF,PERC,STD
IQR,KNN,ZSB,ISO,LOF,PERC,STD
ZSB,IQR,KNN,ISO,LOF,PERC,STD
ZSB,KNN,IQR,ISO,LOF,PERC,STD
ZSB,KNN,IQR,ISO,LOF,PERC,STD
ZSB,KNN,IQR,ISO,LOF,PERC,STD
ZSB,IQR,KNN,ISO,LOF,PERC,STD
ZSB,IQR,KNN,ISO,LOF,PERC,STD
ZSB,IQR,KNN,ISO,LOF,PERC,STD
ZSB,IQR,KNN,ISO,LOF,PERC,STD
KNN,ZSB,IQR,ISO,LOF,PERC,STD
ZSB,KNN,IQR,ISO,LOF,PERC,STD
ZSB,IQR,KNN,ISO,LOF,PERC,STD
ZSB,IQR,KNN,ISO,LOF,PERC,STD
IQR,ZSB,KNN,ISO,LOF,PERC,STD
ZSB,IQR,KNN,ISO,LOF,PERC,STD
IQR,ZSB,KNN,ISO,LOF,PERC,STD
IQR,ZSB,KNN,ISO,LOF,PERC,STD
IQR,ZSB,KNN,ISO,LOF,PERC,STD
IQR,ZSB,KNN,ISO,LOF,PERC,STD
IQR,ZSB,KNN,ISO,LOF,PERC,STD
ZSB,KNN,IQR,ISO,LOF,PERC,STD
ZSB,KNN,IQR,ISO,LOF,PERC,STD
ZSB,KNN,IQR,ISO,LOF,PERC,STD
ZSB,KNN,IQR,ISO,LOF,PERC,STD
ZSB,KNN,IQR,ISO,LOF,PERC,STD
ZSB,KNN,IQR,ISO,LOF,PERC,STD
KNN,ZSB,IQR,ISO,LOF,PERC,STD
ZSB,KNN,IQR,ISO,LOF,PERC,STD
ZSB,IQR,KNN,ISO,LOF,PERC,STD
ZSB,IQR,KNN,ISO,LOF,PERC,STD
ZSB,IQR,KNN,ISO,LOF,PERC,STD
ZSB,IQR,KNN,ISO,LOF,PERC,STD
ZSB,IQR,KNN,ISO,LOF,PERC,STD
ZSB,IQR,KNN,ISO,LOF,PERC,STD
ZSB,IQR,KNN,ISO,LOF,PERC,STD
ZSB,IQR,KNN,ISO,LOF,PERC,STD
ZSB,IQR,KNN,ISO,LOF,PERC,STD
ZSB,IQR,KNN,ISO,LOF,PERC,STD
ZSB,IQR,KNN,ISO,LOF,PERC,STD
ISO,KNN,IQR,ZSB,STD,PERC,LOF
ISO,KNN,IQR,ZSB,STD,PERC,LOF
ISO,KNN,IQR,ZSB,STD,PERC,LOF
ISO,IQR,KNN,ZSB,STD,LOF,PERC
ISO,KNN,IQR,ZSB,STD,PERC,LOF
ISO,KNN,IQR,ZSB,STD,PERC,LOF
ISO,IQR,KNN,ZSB,STD,LOF,PERC
ISO,KNN,IQR,ZSB,STD,LOF,PERC
ISO,KNN,IQR,ZSB,STD,LOF,PERC
ISO,KNN,IQR,ZSB,STD,LOF,PERC
ISO,IQR,KNN,ZSB,STD,LOF,PERC
ISO,IQR,KNN,ZSB,STD,LOF,PERC
ISO,IQR,ZSB,KNN,STD,LOF,PERC
IQR,ISO,KNN,ZSB,STD,LOF,PERC
ISO,IQR,ZSB,KNN,STD,LOF,PERC
ISO,IQR,KNN,ZSB,STD,LOF,PERC
ISO,IQR,KNN,ZSB,STD,LOF,PERC
ISO,IQR,KNN,ZSB,STD,LOF,PERC
IQR,ISO,ZSB,KNN,STD,LOF,PERC
IQR,ZSB,KNN,ISO,LOF,STD,PERC
IQR,ZSB,KNN,ISO,STD,LOF,PERC
IQR,ZSB,KNN,ISO,STD,LOF,PERC
IQR,ZSB,KNN,ISO,LOF,STD,PERC
IQR,KNN,ZSB,ISO,STD,LOF,PERC
IQR,ZSB,KNN,ISO,LOF,STD,PERC
IQR,ZSB,KNN,ISO,LOF,STD,PERC
IQR,ZSB,KNN,ISO,STD,LOF,PERC
IQR,KNN,ZSB,ISO,STD,LOF,PERC
IQR,ZSB,KNN,ISO,LOF,STD,PERC
IQR,ZSB,KNN,ISO,STD,LOF,PERC
IQR,ZSB,KNN,ISO,LOF,STD,PERC
IQR,ZSB,KNN,ISO,LOF,STD,PERC
IQR,ZSB,KNN,ISO,LOF,STD,PERC
IQR,ZSB,KNN,ISO,STD,LOF,PERC
IQR,ZSB,KNN,ISO,LOF,STD,PERC
IQR,ZSB,KNN,ISO,STD,LOF,PERC
IQR,ZSB,KNN,ISO,LOF,STD,PERC
IQR,ZSB,KNN,ISO,LOF,STD,PERC
ZSB,IQR,KNN,ISO,LOF,PERC,STD
ZSB,IQR,KNN,ISO,LOF,PERC,STD
ZSB,IQR,KNN,ISO,LOF,PERC,STD
ZSB,IQR,KNN,ISO,LOF,PERC,STD
ZSB,IQR,KNN,ISO,LOF,PERC,STD
ZSB,IQR,KNN,ISO,LOF,PERC,STD
IQR,ZSB,KNN,ISO,LOF,PERC,STD
ZSB,KNN,IQR,ISO,LOF,PERC,STD
IQR,ZSB,KNN,ISO,LOF,PERC,STD
IQR,ZSB,KNN,ISO,LOF,PERC,STD
IQR,ZSB,KNN,ISO,LOF,PERC,STD
IQR,ZSB,KNN,ISO,LOF,PERC,STD
IQR,ZSB,KNN,ISO,LOF,PERC,STD
IQR,ZSB,KNN,ISO,LOF,PERC,STD
IQR,ZSB,KNN,ISO,LOF,PERC,STD
ZSB,IQR,KNN,ISO,LOF,PERC,STD
IQR,ZSB,KNN,ISO,LOF,PERC,STD
IQR,ZSB,KNN,ISO,LOF,PERC,STD
ZSB,IQR,KNN,ISO,LOF,PERC,STD
ZSB,KNN,IQR,ISO,LOF,PERC,STD
ZSB,IQR,KNN,ISO,LOF,PERC,STD
ZSB,IQR,KNN,ISO,LOF,PERC,STD
ZSB,IQR,KNN,ISO,LOF,PERC,STD
ZSB,IQR,KNN,ISO,LOF,PERC,STD
ZSB,IQR,KNN,ISO,LOF,PERC,STD
ZSB,IQR,KNN,ISO,LOF,PERC,STD
ZSB,IQR,KNN,ISO,LOF,PERC,STD
ZSB,KNN,IQR,ISO,LOF,PERC,STD
ZSB,IQR,KNN,ISO,LOF,PERC,STD
ZSB,IQR,KNN,ISO,LOF,PERC,STD
ZSB,IQR,KNN,ISO,LOF,PERC,STD
ZSB,IQR,KNN,ISO,LOF,PERC,STD
ZSB,IQR,KNN,ISO,LOF,PERC,STD
ZSB,IQR,KNN,ISO,LOF,PERC,STD
ZSB,IQR,KNN,ISO,LOF,PERC,STD
ZSB,IQR,KNN,ISO,LOF,PERC,STD
ZSB,IQR,KNN,ISO,LOF,PERC,STD
ZSB,IQR,KNN,ISO,LOF,PERC,STD
ZSB,KNN,IQR,ISO,LOF,PERC,STD
ZSB,KNN,IQR,ISO,LOF,PERC,STD
ZSB,KNN,IQR,ISO,LOF,PERC,STD
ZSB,KNN,IQR,ISO,LOF,PERC,STD
ZSB,KNN,IQR,ISO,LOF,PERC,STD
ZSB,KNN,IQR,ISO,LOF,PERC,STD
ZSB,KNN,IQR,ISO,LOF,PERC,STD
ZSB,KNN,IQR,ISO,LOF,PERC,STD
ZSB,KNN,IQR,ISO,LOF,PERC,STD
ZSB,IQR,KNN,ISO,LOF,PERC,STD
ZSB,IQR,KNN,ISO,LOF,PERC,STD
ZSB,IQR,KNN,ISO,LOF,PERC,STD
ZSB,IQR,KNN,ISO,LOF,PERC,STD
ZSB,IQR,KNN,ISO,LOF,PERC,STD
ZSB,IQR,KNN,ISO,LOF,PERC,STD
ZSB,IQR,KNN,ISO,LOF,PERC,STD
ZSB,IQR,KNN,ISO,LOF,PERC,STD
ZSB,IQR,KNN,ISO,LOF,PERC,STD
ZSB,IQR,KNN,ISO,LOF,PERC,STD
