dataset,model,technique,rmse
abalone,DecisionTree,impute_standard,0.0
abalone,DecisionTree,impute_mean,0.022148038196720145
abalone,DecisionTree,impute_median,0.0218614915368604
abalone,DecisionTree,impute_random,0.02315490568012271
abalone,DecisionTree,impute_knn,0.016444886517951167
abalone,DecisionTree,impute_mice,0.02133865548942463
abalone,DecisionTree,impute_linear_regression,0.019727116592745873
abalone,DecisionTree,impute_random_forest,0.020419287437965502
abalone,DecisionTree,impute_cmeans,0.022856197738431134
abalone,LogisticRegression,impute_standard,0.0
abalone,LogisticRegression,impute_mean,0.4347491618299904
abalone,LogisticRegression,impute_median,0.42396350760692775
abalone,LogisticRegression,impute_random,0.31694067926632385
abalone,LogisticRegression,impute_knn,0.40919511522101054
abalone,LogisticRegression,impute_mice,0.4519848063037917
abalone,LogisticRegression,impute_linear_regression,0.45202522000536843
abalone,LogisticRegression,impute_random_forest,0.4483003881688008
abalone,LogisticRegression,impute_cmeans,0.44685882687737727
abalone,KNN,impute_standard,0.0
abalone,KNN,impute_mean,0.016627922472874316
abalone,KNN,impute_median,0.016387284923461833
abalone,KNN,impute_random,0.025814225207634246
abalone,KNN,impute_knn,0.015634700650161006
abalone,KNN,impute_mice,0.014593387431503466
abalone,KNN,impute_linear_regression,0.014207481352695612
abalone,KNN,impute_random_forest,0.01383634428788397
abalone,KNN,impute_cmeans,0.014817092506891848
abalone,RandomForest,impute_standard,0.0
abalone,RandomForest,impute_mean,0.011021164211750239
abalone,RandomForest,impute_median,0.008252116503125706
abalone,RandomForest,impute_random,0.01675553540140608
abalone,RandomForest,impute_knn,0.010249290434578598
abalone,RandomForest,impute_mice,0.007800338623477905
abalone,RandomForest,impute_linear_regression,0.008036494732391245
abalone,RandomForest,impute_random_forest,0.007346345811072027
abalone,RandomForest,impute_cmeans,0.009190859111469255
abalone,AdaBoost,impute_standard,0.0
abalone,AdaBoost,impute_mean,0.06035833095241596
abalone,AdaBoost,impute_median,0.060933430108713625
abalone,AdaBoost,impute_random,0.05269724104318065
abalone,AdaBoost,impute_knn,0.08711225851256733
abalone,AdaBoost,impute_mice,0.06813987006131389
abalone,AdaBoost,impute_linear_regression,0.06954976866196019
abalone,AdaBoost,impute_random_forest,0.0678808036765008
abalone,AdaBoost,impute_cmeans,0.06374079109426477
abalone,SVC,impute_standard,0.0
abalone,SVC,impute_mean,0.19636068936850834
abalone,SVC,impute_median,0.19517129405700862
abalone,SVC,impute_random,0.11858831376085825
abalone,SVC,impute_knn,0.1619246588700713
abalone,SVC,impute_mice,0.17880581489716507
abalone,SVC,impute_linear_regression,0.17613853406052754
abalone,SVC,impute_random_forest,0.1774094959620577
abalone,SVC,impute_cmeans,0.19814389213830916
BachChoralHarmony,DecisionTree,impute_standard,0.0
BachChoralHarmony,DecisionTree,impute_mean,0.009336807207136515
BachChoralHarmony,DecisionTree,impute_median,0.005744569520268783
BachChoralHarmony,DecisionTree,impute_random,0.012317337560212586
BachChoralHarmony,DecisionTree,impute_knn,0.011781641615588817
BachChoralHarmony,DecisionTree,impute_mice,0.018479575451962903
BachChoralHarmony,DecisionTree,impute_linear_regression,0.018978234346435533
BachChoralHarmony,DecisionTree,impute_random_forest,0.01676794741615902
BachChoralHarmony,DecisionTree,impute_cmeans,0.009255396646297081
BachChoralHarmony,LogisticRegression,impute_standard,0.0
BachChoralHarmony,LogisticRegression,impute_mean,0.06723865842206057
BachChoralHarmony,LogisticRegression,impute_median,0.06741992414157573
BachChoralHarmony,LogisticRegression,impute_random,0.04385170720737871
BachChoralHarmony,LogisticRegression,impute_knn,0.07104788919480003
BachChoralHarmony,LogisticRegression,impute_mice,0.06844888010034855
BachChoralHarmony,LogisticRegression,impute_linear_regression,0.06786705340767758
BachChoralHarmony,LogisticRegression,impute_random_forest,0.07433506918424869
BachChoralHarmony,LogisticRegression,impute_cmeans,0.0700816060459082
BachChoralHarmony,KNN,impute_standard,0.0
BachChoralHarmony,KNN,impute_mean,0.005538775705048842
BachChoralHarmony,KNN,impute_median,0.004438824644699303
BachChoralHarmony,KNN,impute_random,0.015494953732662168
BachChoralHarmony,KNN,impute_knn,0.005700018593092699
BachChoralHarmony,KNN,impute_mice,0.005180653432909843
BachChoralHarmony,KNN,impute_linear_regression,0.004965188211320323
BachChoralHarmony,KNN,impute_random_forest,0.006930013773253106
BachChoralHarmony,KNN,impute_cmeans,0.005593766172030737
BachChoralHarmony,RandomForest,impute_standard,0.0
BachChoralHarmony,RandomForest,impute_mean,0.005420794853853208
BachChoralHarmony,RandomForest,impute_median,0.0037023347568212995
BachChoralHarmony,RandomForest,impute_random,0.012813207267734961
BachChoralHarmony,RandomForest,impute_knn,0.004535730983037987
BachChoralHarmony,RandomForest,impute_mice,0.004108029771429874
BachChoralHarmony,RandomForest,impute_linear_regression,0.005116606139045252
BachChoralHarmony,RandomForest,impute_random_forest,0.007160640635356627
BachChoralHarmony,RandomForest,impute_cmeans,0.004599862274112951
BachChoralHarmony,AdaBoost,impute_standard,0.0
BachChoralHarmony,AdaBoost,impute_mean,0.014405625902945193
BachChoralHarmony,AdaBoost,impute_median,0.014411363004063439
BachChoralHarmony,AdaBoost,impute_random,0.011677842490129823
BachChoralHarmony,AdaBoost,impute_knn,0.018421504150588255
BachChoralHarmony,AdaBoost,impute_mice,0.016971156372125294
BachChoralHarmony,AdaBoost,impute_linear_regression,0.016943205670622477
BachChoralHarmony,AdaBoost,impute_random_forest,0.0235020327786346
BachChoralHarmony,AdaBoost,impute_cmeans,0.013247881687575104
BachChoralHarmony,SVC,impute_standard,0.0
BachChoralHarmony,SVC,impute_mean,0.02017239623476249
BachChoralHarmony,SVC,impute_median,0.018862144355705726
BachChoralHarmony,SVC,impute_random,0.02196277808233215
BachChoralHarmony,SVC,impute_knn,0.036792641440101456
BachChoralHarmony,SVC,impute_mice,0.023737224747727582
BachChoralHarmony,SVC,impute_linear_regression,0.02578852074616684
BachChoralHarmony,SVC,impute_random_forest,0.026748426516198045
BachChoralHarmony,SVC,impute_cmeans,0.026660587745356866
bank,DecisionTree,impute_standard,0.0
bank,DecisionTree,impute_mean,0.005561549333543465
bank,DecisionTree,impute_median,0.006236815117059461
bank,DecisionTree,impute_random,0.016657328644415784
bank,DecisionTree,impute_knn,0.006397059297773618
bank,DecisionTree,impute_mice,0.0050990938662997315
bank,DecisionTree,impute_linear_regression,0.006901069372310586
bank,DecisionTree,impute_random_forest,0.009114372842184177
bank,DecisionTree,impute_cmeans,0.00634575571327398
bank,LogisticRegression,impute_standard,0.0
bank,LogisticRegression,impute_mean,0.04983008720297502
bank,LogisticRegression,impute_median,0.049552212445740325
bank,LogisticRegression,impute_random,0.03942363746141454
bank,LogisticRegression,impute_knn,0.07127480917950761
bank,LogisticRegression,impute_mice,0.06062157649651147
bank,LogisticRegression,impute_linear_regression,0.05980570956380164
bank,LogisticRegression,impute_random_forest,0.07251540454860342
bank,LogisticRegression,impute_cmeans,0.05615059531629868
bank,KNN,impute_standard,0.0
bank,KNN,impute_mean,0.0034197688529443437
bank,KNN,impute_median,0.004175810188778993
bank,KNN,impute_random,0.013038877297796484
bank,KNN,impute_knn,0.0028454054108505125
bank,KNN,impute_mice,0.004246442736334441
bank,KNN,impute_linear_regression,0.00436294942797175
bank,KNN,impute_random_forest,0.003852875531275868
bank,KNN,impute_cmeans,0.003442791979209694
bank,RandomForest,impute_standard,0.0
bank,RandomForest,impute_mean,0.003630534960846126
bank,RandomForest,impute_median,0.003352623714388189
bank,RandomForest,impute_random,0.016496829207224933
bank,RandomForest,impute_knn,0.0025566350810162773
bank,RandomForest,impute_mice,0.002648759435758774
bank,RandomForest,impute_linear_regression,0.003496487492582832
bank,RandomForest,impute_random_forest,0.005625883608032212
bank,RandomForest,impute_cmeans,0.0031335531134143607
bank,AdaBoost,impute_standard,0.0
bank,AdaBoost,impute_mean,0.02264419249867377
bank,AdaBoost,impute_median,0.02174347444108334
bank,AdaBoost,impute_random,0.028956876344820276
bank,AdaBoost,impute_knn,0.022414684363422987
bank,AdaBoost,impute_mice,0.01603944474822774
bank,AdaBoost,impute_linear_regression,0.015158973362389982
bank,AdaBoost,impute_random_forest,0.012224781870711524
bank,AdaBoost,impute_cmeans,0.022691769433725747
bank,SVC,impute_standard,0.0
bank,SVC,impute_mean,0.02188729897118819
bank,SVC,impute_median,0.02066550838505524
bank,SVC,impute_random,0.032899156637738194
bank,SVC,impute_knn,0.039493670222288585
bank,SVC,impute_mice,0.029401937627541973
bank,SVC,impute_linear_regression,0.02831163517154885
bank,SVC,impute_random_forest,0.03268232161415652
bank,SVC,impute_cmeans,0.02350309308060631
cancer,DecisionTree,impute_standard,0.0
cancer,DecisionTree,impute_mean,0.003677543916896988
cancer,DecisionTree,impute_median,0.0037404467604974672
cancer,DecisionTree,impute_random,0.013635157993921128
cancer,DecisionTree,impute_knn,0.004663707283800169
cancer,DecisionTree,impute_mice,0.004544984215485926
cancer,DecisionTree,impute_linear_regression,0.005700643726790548
cancer,DecisionTree,impute_random_forest,0.007309365731941074
cancer,DecisionTree,impute_cmeans,0.004708874682338218
cancer,LogisticRegression,impute_standard,0.0
cancer,LogisticRegression,impute_mean,0.050182463822632646
cancer,LogisticRegression,impute_median,0.05279969817858232
cancer,LogisticRegression,impute_random,0.03465246834451695
cancer,LogisticRegression,impute_knn,0.05648969985544382
cancer,LogisticRegression,impute_mice,0.05368724268954484
cancer,LogisticRegression,impute_linear_regression,0.05307783825783576
cancer,LogisticRegression,impute_random_forest,0.06040338734142923
cancer,LogisticRegression,impute_cmeans,0.053831911109366984
cancer,KNN,impute_standard,0.0
cancer,KNN,impute_mean,0.0062923430596487735
cancer,KNN,impute_median,0.006893223413833386
cancer,KNN,impute_random,0.011919603256119144
cancer,KNN,impute_knn,0.00651541168667552
cancer,KNN,impute_mice,0.006091914153397135
cancer,KNN,impute_linear_regression,0.0059094576883757365
cancer,KNN,impute_random_forest,0.008600360992325624
cancer,KNN,impute_cmeans,0.006356197082170939
cancer,RandomForest,impute_standard,0.0
cancer,RandomForest,impute_mean,0.002808700963287303
cancer,RandomForest,impute_median,0.0031387600334458806
cancer,RandomForest,impute_random,0.012164837819881182
cancer,RandomForest,impute_knn,0.003533118798906797
cancer,RandomForest,impute_mice,0.002590041976819922
cancer,RandomForest,impute_linear_regression,0.0036457606070039636
cancer,RandomForest,impute_random_forest,0.006413182250665641
cancer,RandomForest,impute_cmeans,0.0031507064866741767
cancer,AdaBoost,impute_standard,0.0
cancer,AdaBoost,impute_mean,0.011155036129346768
cancer,AdaBoost,impute_median,0.01091656998734919
cancer,AdaBoost,impute_random,0.018376004321856928
cancer,AdaBoost,impute_knn,0.023154345229297307
cancer,AdaBoost,impute_mice,0.010496724093786821
cancer,AdaBoost,impute_linear_regression,0.010450306433488162
cancer,AdaBoost,impute_random_forest,0.06272647809047577
cancer,AdaBoost,impute_cmeans,0.01225837677463774
cancer,SVC,impute_standard,0.0
cancer,SVC,impute_mean,0.019068335754575318
cancer,SVC,impute_median,0.018975661249535234
cancer,SVC,impute_random,0.028078294846017572
cancer,SVC,impute_knn,0.04412792909824215
cancer,SVC,impute_mice,0.029257792676818585
cancer,SVC,impute_linear_regression,0.027747912861872413
cancer,SVC,impute_random_forest,0.03964201282664976
cancer,SVC,impute_cmeans,0.028428145569020916
default of credit card clients,DecisionTree,impute_standard,0.0
default of credit card clients,DecisionTree,impute_mean,0.0031557598417993717
default of credit card clients,DecisionTree,impute_median,0.00306316091885697
default of credit card clients,DecisionTree,impute_random,0.007437544236812163
default of credit card clients,DecisionTree,impute_knn,0.0038875137786589637
default of credit card clients,DecisionTree,impute_mice,0.002583865449511131
default of credit card clients,DecisionTree,impute_linear_regression,0.003750389220251031
default of credit card clients,DecisionTree,impute_random_forest,0.005692563029629591
default of credit card clients,DecisionTree,impute_cmeans,0.003216359351643422
default of credit card clients,LogisticRegression,impute_standard,0.0
default of credit card clients,LogisticRegression,impute_mean,0.04144581211765955
default of credit card clients,LogisticRegression,impute_median,0.041468149884037825
default of credit card clients,LogisticRegression,impute_random,0.03290371549145622
default of credit card clients,LogisticRegression,impute_knn,0.05174650855666918
default of credit card clients,LogisticRegression,impute_mice,0.045037256555880256
default of credit card clients,LogisticRegression,impute_linear_regression,0.04435151732479031
default of credit card clients,LogisticRegression,impute_random_forest,0.054120556410250924
default of credit card clients,LogisticRegression,impute_cmeans,0.03879011955690217
default of credit card clients,KNN,impute_standard,0.0
default of credit card clients,KNN,impute_mean,0.003994873888990904
default of credit card clients,KNN,impute_median,0.003177416431536164
default of credit card clients,KNN,impute_random,0.009801636507407315
default of credit card clients,KNN,impute_knn,0.003947385981726638
default of credit card clients,KNN,impute_mice,0.00405114246726773
default of credit card clients,KNN,impute_linear_regression,0.0038207780503875326
default of credit card clients,KNN,impute_random_forest,0.006060742194229146
default of credit card clients,KNN,impute_cmeans,0.0036808817285924303
default of credit card clients,RandomForest,impute_standard,0.0
default of credit card clients,RandomForest,impute_mean,0.0016972150446008132
default of credit card clients,RandomForest,impute_median,0.0012935202756279341
default of credit card clients,RandomForest,impute_random,0.00638619145149342
default of credit card clients,RandomForest,impute_knn,0.0022425682251832526
default of credit card clients,RandomForest,impute_mice,0.0013031731146153466
default of credit card clients,RandomForest,impute_linear_regression,0.0017608885033167175
default of credit card clients,RandomForest,impute_random_forest,0.004068696843673753
default of credit card clients,RandomForest,impute_cmeans,0.0015662160707388
default of credit card clients,AdaBoost,impute_standard,0.0
default of credit card clients,AdaBoost,impute_mean,0.009378038117616215
default of credit card clients,AdaBoost,impute_median,0.008245648031006915
default of credit card clients,AdaBoost,impute_random,0.01865867475806043
default of credit card clients,AdaBoost,impute_knn,0.019533857915382466
default of credit card clients,AdaBoost,impute_mice,0.015776982994118744
default of credit card clients,AdaBoost,impute_linear_regression,0.015465898217151226
default of credit card clients,AdaBoost,impute_random_forest,0.04100834666295409
default of credit card clients,AdaBoost,impute_cmeans,0.0185384007921169
default of credit card clients,SVC,impute_standard,0.0
default of credit card clients,SVC,impute_mean,0.07358749268189387
default of credit card clients,SVC,impute_median,0.021432112564439956
default of credit card clients,SVC,impute_random,0.1717507125771921
default of credit card clients,SVC,impute_knn,0.18943590063415944
default of credit card clients,SVC,impute_mice,0.13797670146667726
default of credit card clients,SVC,impute_linear_regression,0.13992052788954273
default of credit card clients,SVC,impute_random_forest,0.15984171184898383
default of credit card clients,SVC,impute_cmeans,0.09877101418993678
drug,DecisionTree,impute_standard,0.0
drug,DecisionTree,impute_mean,0.009435433267634734
drug,DecisionTree,impute_median,0.025734739374977916
drug,DecisionTree,impute_random,0.06008109033004383
drug,DecisionTree,impute_knn,0.04249079783733422
drug,DecisionTree,impute_mice,0.021965257381982062
drug,DecisionTree,impute_linear_regression,0.04438477606838536
drug,DecisionTree,impute_random_forest,0.0734451249126866
drug,DecisionTree,impute_cmeans,0.023705398379375495
drug,LogisticRegression,impute_standard,0.0
drug,LogisticRegression,impute_mean,0.17503601905641958
drug,LogisticRegression,impute_median,0.1629942572551218
drug,LogisticRegression,impute_random,0.0905877166952523
drug,LogisticRegression,impute_knn,0.1260519700475758
drug,LogisticRegression,impute_mice,0.161557579132574
drug,LogisticRegression,impute_linear_regression,0.14495834265712065
drug,LogisticRegression,impute_random_forest,0.10112194839771721
drug,LogisticRegression,impute_cmeans,0.16319067139244994
drug,KNN,impute_standard,0.0
drug,KNN,impute_mean,0.047824853734348985
drug,KNN,impute_median,0.049579909371842354
drug,KNN,impute_random,0.041836495726542404
drug,KNN,impute_knn,0.035817479097540496
drug,KNN,impute_mice,0.042117300776902566
drug,KNN,impute_linear_regression,0.038902682969230086
drug,KNN,impute_random_forest,0.03101474187414571
drug,KNN,impute_cmeans,0.04403592860405144
drug,RandomForest,impute_standard,0.0
drug,RandomForest,impute_mean,0.01981426078904027
drug,RandomForest,impute_median,0.013694630977282584
drug,RandomForest,impute_random,0.050602002198239716
drug,RandomForest,impute_knn,0.029216991457553652
drug,RandomForest,impute_mice,0.015621669578311652
drug,RandomForest,impute_linear_regression,0.02625044936464194
drug,RandomForest,impute_random_forest,0.06713398164227798
drug,RandomForest,impute_cmeans,0.012126722315796205
drug,AdaBoost,impute_standard,0.0
drug,AdaBoost,impute_mean,0.07897940491143937
drug,AdaBoost,impute_median,0.02639238645372404
drug,AdaBoost,impute_random,0.06254960083118483
drug,AdaBoost,impute_knn,0.034119100093447464
drug,AdaBoost,impute_mice,0.056530044425596095
drug,AdaBoost,impute_linear_regression,0.041467426294617256
drug,AdaBoost,impute_random_forest,0.08849599065659482
drug,AdaBoost,impute_cmeans,0.05833735401805307
drug,SVC,impute_standard,0.0
drug,SVC,impute_mean,0.05240265550073191
drug,SVC,impute_median,0.06207608422562333
drug,SVC,impute_random,0.03316976686860838
drug,SVC,impute_knn,0.038050856297399155
drug,SVC,impute_mice,0.048255437625053854
drug,SVC,impute_linear_regression,0.045576259526663804
drug,SVC,impute_random_forest,0.03823508951644122
drug,SVC,impute_cmeans,0.05166049115247977
electricity-normalized,DecisionTree,impute_standard,0.0
electricity-normalized,DecisionTree,impute_mean,0.003065523953642659
electricity-normalized,DecisionTree,impute_median,0.002896866528367713
electricity-normalized,DecisionTree,impute_random,0.00430943833416232
electricity-normalized,DecisionTree,impute_knn,0.005205738222988379
electricity-normalized,DecisionTree,impute_mice,0.0019762193720339392
electricity-normalized,DecisionTree,impute_linear_regression,0.0034172579039000216
electricity-normalized,DecisionTree,impute_random_forest,0.004465678781074948
electricity-normalized,DecisionTree,impute_cmeans,0.002376509245512589
electricity-normalized,LogisticRegression,impute_standard,0.0
electricity-normalized,LogisticRegression,impute_mean,0.022484111836022672
electricity-normalized,LogisticRegression,impute_median,0.03261384579625972
electricity-normalized,LogisticRegression,impute_random,0.022051498326178136
electricity-normalized,LogisticRegression,impute_knn,0.0392778780513981
electricity-normalized,LogisticRegression,impute_mice,0.021849872193714072
electricity-normalized,LogisticRegression,impute_linear_regression,0.020611326506577217
electricity-normalized,LogisticRegression,impute_random_forest,0.0360648749820774
electricity-normalized,LogisticRegression,impute_cmeans,0.023615390228827363
electricity-normalized,KNN,impute_standard,0.0
electricity-normalized,KNN,impute_mean,0.0058931207514659216
electricity-normalized,KNN,impute_median,0.005778168435863688
electricity-normalized,KNN,impute_random,0.004452998677966471
electricity-normalized,KNN,impute_knn,0.0049006259814565805
electricity-normalized,KNN,impute_mice,0.005824330719467598
electricity-normalized,KNN,impute_linear_regression,0.005547023808938919
electricity-normalized,KNN,impute_random_forest,0.0036336831936457
electricity-normalized,KNN,impute_cmeans,0.0054807671146182005
electricity-normalized,RandomForest,impute_standard,0.0
electricity-normalized,RandomForest,impute_mean,0.004049859066058642
electricity-normalized,RandomForest,impute_median,0.0036924173556859364
electricity-normalized,RandomForest,impute_random,0.004245915543484105
electricity-normalized,RandomForest,impute_knn,0.0028539233656378164
electricity-normalized,RandomForest,impute_mice,0.0026627359388098066
electricity-normalized,RandomForest,impute_linear_regression,0.003138962002835361
electricity-normalized,RandomForest,impute_random_forest,0.0050764703759275725
electricity-normalized,RandomForest,impute_cmeans,0.0023585812128779442
electricity-normalized,AdaBoost,impute_standard,0.0
electricity-normalized,AdaBoost,impute_mean,0.0064008775986714155
electricity-normalized,AdaBoost,impute_median,0.006077569254362142
electricity-normalized,AdaBoost,impute_random,0.009326806617405524
electricity-normalized,AdaBoost,impute_knn,0.01259403038959456
electricity-normalized,AdaBoost,impute_mice,0.008411919157992073
electricity-normalized,AdaBoost,impute_linear_regression,0.00878400445426562
electricity-normalized,AdaBoost,impute_random_forest,0.009947858294836187
electricity-normalized,AdaBoost,impute_cmeans,0.0077381860231676225
electricity-normalized,SVC,impute_standard,0.0
electricity-normalized,SVC,impute_mean,0.02913124161783195
electricity-normalized,SVC,impute_median,0.026251779386232046
electricity-normalized,SVC,impute_random,0.04204117227182277
electricity-normalized,SVC,impute_knn,0.03480370491872696
electricity-normalized,SVC,impute_mice,0.02991182170824561
electricity-normalized,SVC,impute_linear_regression,0.03044147317252279
electricity-normalized,SVC,impute_random_forest,0.030415826696183777
electricity-normalized,SVC,impute_cmeans,0.028701126510319055
fried,DecisionTree,impute_standard,0.0
fried,DecisionTree,impute_mean,0.002889461349641386
fried,DecisionTree,impute_median,0.00409572699125429
fried,DecisionTree,impute_random,0.009206223458924608
fried,DecisionTree,impute_knn,0.008924065276185692
fried,DecisionTree,impute_mice,0.004654583279643273
fried,DecisionTree,impute_linear_regression,0.006961616258068695
fried,DecisionTree,impute_random_forest,0.010649960275624886
fried,DecisionTree,impute_cmeans,0.003952857742859542
fried,LogisticRegression,impute_standard,0.0
fried,LogisticRegression,impute_mean,0.057905575295588846
fried,LogisticRegression,impute_median,0.06132903531997781
fried,LogisticRegression,impute_random,0.04311365776339417
fried,LogisticRegression,impute_knn,0.07467818048444731
fried,LogisticRegression,impute_mice,0.05952173365644524
fried,LogisticRegression,impute_linear_regression,0.05809082615967818
fried,LogisticRegression,impute_random_forest,0.07158950018624004
fried,LogisticRegression,impute_cmeans,0.060554450437068405
fried,KNN,impute_standard,0.0
fried,KNN,impute_mean,0.008308603337437378
fried,KNN,impute_median,0.008985939847204673
fried,KNN,impute_random,0.00867343059654488
fried,KNN,impute_knn,0.007667268921886361
fried,KNN,impute_mice,0.007972995186485695
fried,KNN,impute_linear_regression,0.007499564520173004
fried,KNN,impute_random_forest,0.006223209819909375
fried,KNN,impute_cmeans,0.008170805546266572
fried,RandomForest,impute_standard,0.0
fried,RandomForest,impute_mean,0.0020091532510324453
fried,RandomForest,impute_median,0.0014061877104003331
fried,RandomForest,impute_random,0.008416939169142896
fried,RandomForest,impute_knn,0.004189122656420653
fried,RandomForest,impute_mice,0.002431785107308363
fried,RandomForest,impute_linear_regression,0.004093989648762249
fried,RandomForest,impute_random_forest,0.008533265623718813
fried,RandomForest,impute_cmeans,0.0017166482728561846
fried,AdaBoost,impute_standard,0.0
fried,AdaBoost,impute_mean,0.013058098759813426
fried,AdaBoost,impute_median,0.013426012152961363
fried,AdaBoost,impute_random,0.021352875820210004
fried,AdaBoost,impute_knn,0.018155562890189166
fried,AdaBoost,impute_mice,0.01493286306864494
fried,AdaBoost,impute_linear_regression,0.015556701522109678
fried,AdaBoost,impute_random_forest,0.027742996337362682
fried,AdaBoost,impute_cmeans,0.013543200476086849
fried,SVC,impute_standard,0.0
fried,SVC,impute_mean,0.06278562206329755
fried,SVC,impute_median,0.061197389619983916
fried,SVC,impute_random,0.07296684893229924
fried,SVC,impute_knn,0.0787332751191543
fried,SVC,impute_mice,0.06384880566285396
fried,SVC,impute_linear_regression,0.06458192043856213
fried,SVC,impute_random_forest,0.0886096318544729
fried,SVC,impute_cmeans,0.06437554758774859
frogs,DecisionTree,impute_standard,0.0
frogs,DecisionTree,impute_mean,0.0028047806048071776
frogs,DecisionTree,impute_median,0.0037502944632326605
frogs,DecisionTree,impute_random,0.010096708509377668
frogs,DecisionTree,impute_knn,0.003404406554597837
frogs,DecisionTree,impute_mice,0.003650167805015076
frogs,DecisionTree,impute_linear_regression,0.003599441481846936
frogs,DecisionTree,impute_random_forest,0.0034393488000879786
frogs,DecisionTree,impute_cmeans,0.003317784832385465
frogs,LogisticRegression,impute_standard,0.0
frogs,LogisticRegression,impute_mean,0.06350346143997768
frogs,LogisticRegression,impute_median,0.0640806393235017
frogs,LogisticRegression,impute_random,0.05581819785536812
frogs,LogisticRegression,impute_knn,0.05370208114613373
frogs,LogisticRegression,impute_mice,0.056073182164860264
frogs,LogisticRegression,impute_linear_regression,0.05599793357340781
frogs,LogisticRegression,impute_random_forest,0.05896269731942154
frogs,LogisticRegression,impute_cmeans,0.06280789608002144
frogs,KNN,impute_standard,0.0
frogs,KNN,impute_mean,0.008433990905391053
frogs,KNN,impute_median,0.006662977659076203
frogs,KNN,impute_random,0.006475714110010223
frogs,KNN,impute_knn,0.006215227331596934
frogs,KNN,impute_mice,0.005708656810881005
frogs,KNN,impute_linear_regression,0.005664489635930396
frogs,KNN,impute_random_forest,0.006772731747083567
frogs,KNN,impute_cmeans,0.007306694228195459
frogs,RandomForest,impute_standard,0.0
frogs,RandomForest,impute_mean,0.0022888294324715014
frogs,RandomForest,impute_median,0.0027174029898278996
frogs,RandomForest,impute_random,0.007681196056923199
frogs,RandomForest,impute_knn,0.0037479728760798437
frogs,RandomForest,impute_mice,0.0027023278526286157
frogs,RandomForest,impute_linear_regression,0.002835021240631189
frogs,RandomForest,impute_random_forest,0.0037068343507001187
frogs,RandomForest,impute_cmeans,0.002368601773928717
frogs,AdaBoost,impute_standard,0.0
frogs,AdaBoost,impute_mean,0.040838592911417455
frogs,AdaBoost,impute_median,0.04901079664492781
frogs,AdaBoost,impute_random,0.0347923165858342
frogs,AdaBoost,impute_knn,0.03693318291943232
frogs,AdaBoost,impute_mice,0.039208398976153795
frogs,AdaBoost,impute_linear_regression,0.03787977443484842
frogs,AdaBoost,impute_random_forest,0.06359700629664179
frogs,AdaBoost,impute_cmeans,0.035824090672489844
frogs,SVC,impute_standard,0.0
frogs,SVC,impute_mean,0.013794357580146984
frogs,SVC,impute_median,0.016908096335730576
frogs,SVC,impute_random,0.054402241287011516
frogs,SVC,impute_knn,0.02343153244333248
frogs,SVC,impute_mice,0.01988973571499642
frogs,SVC,impute_linear_regression,0.016453107046384433
frogs,SVC,impute_random_forest,0.022123890910531286
frogs,SVC,impute_cmeans,0.014872254212714393
german,DecisionTree,impute_standard,0.0
german,DecisionTree,impute_mean,0.006718347240090064
german,DecisionTree,impute_median,0.0071616233136317315
german,DecisionTree,impute_random,0.01065399799554324
german,DecisionTree,impute_knn,0.00942747081859677
german,DecisionTree,impute_mice,0.008557040527843967
german,DecisionTree,impute_linear_regression,0.0076693841398107485
german,DecisionTree,impute_random_forest,0.008044776518525143
german,DecisionTree,impute_cmeans,0.0066022959200860805
german,LogisticRegression,impute_standard,0.0
german,LogisticRegression,impute_mean,0.0704282564197675
german,LogisticRegression,impute_median,0.069325003620698
german,LogisticRegression,impute_random,0.04945238788055957
german,LogisticRegression,impute_knn,0.068354021109942
german,LogisticRegression,impute_mice,0.07418698141412182
german,LogisticRegression,impute_linear_regression,0.07437953121432923
german,LogisticRegression,impute_random_forest,0.07638565842700194
german,LogisticRegression,impute_cmeans,0.07229516223935253
german,KNN,impute_standard,0.0
german,KNN,impute_mean,0.009157707369640904
german,KNN,impute_median,0.0064337788623092815
german,KNN,impute_random,0.013833007959197941
german,KNN,impute_knn,0.008275116168559533
german,KNN,impute_mice,0.008714379568281442
german,KNN,impute_linear_regression,0.008596451175108969
german,KNN,impute_random_forest,0.009260101572437653
german,KNN,impute_cmeans,0.007537743221134236
german,RandomForest,impute_standard,0.0
german,RandomForest,impute_mean,0.005555491889758493
german,RandomForest,impute_median,0.004088337756513652
german,RandomForest,impute_random,0.01314101802755328
german,RandomForest,impute_knn,0.009280129578043273
german,RandomForest,impute_mice,0.006219904214572247
german,RandomForest,impute_linear_regression,0.007897482627005674
german,RandomForest,impute_random_forest,0.007742269196189797
german,RandomForest,impute_cmeans,0.005676706381492262
german,AdaBoost,impute_standard,0.0
german,AdaBoost,impute_mean,0.01222643069701526
german,AdaBoost,impute_median,0.012762180242879608
german,AdaBoost,impute_random,0.015906138255433137
german,AdaBoost,impute_knn,0.016375071526197174
german,AdaBoost,impute_mice,0.008728604804507906
german,AdaBoost,impute_linear_regression,0.010285400451671825
german,AdaBoost,impute_random_forest,0.02777218300758473
german,AdaBoost,impute_cmeans,0.01221091546666865
german,SVC,impute_standard,0.0
german,SVC,impute_mean,0.029734067139971013
german,SVC,impute_median,0.028627984787370907
german,SVC,impute_random,0.021967961414331796
german,SVC,impute_knn,0.037672893420739165
german,SVC,impute_mice,0.035353114841350376
german,SVC,impute_linear_regression,0.03281548765654244
german,SVC,impute_random_forest,0.03696175623252184
german,SVC,impute_cmeans,0.03481238303932551
house,DecisionTree,impute_standard,0.0
house,DecisionTree,impute_mean,0.006572218456126334
house,DecisionTree,impute_median,0.009329046308099404
house,DecisionTree,impute_random,0.014703640596193949
house,DecisionTree,impute_knn,0.009034968635805288
house,DecisionTree,impute_mice,0.007959195958766924
house,DecisionTree,impute_linear_regression,0.006839120165120838
house,DecisionTree,impute_random_forest,0.009032274532122
house,DecisionTree,impute_cmeans,0.007175046240755527
house,LogisticRegression,impute_standard,0.0
house,LogisticRegression,impute_mean,0.03550898641917564
house,LogisticRegression,impute_median,0.0348872419982693
house,LogisticRegression,impute_random,0.022092544300660454
house,LogisticRegression,impute_knn,0.0522690425313917
house,LogisticRegression,impute_mice,0.04608539928533078
house,LogisticRegression,impute_linear_regression,0.04655392294820969
house,LogisticRegression,impute_random_forest,0.05785017509867758
house,LogisticRegression,impute_cmeans,0.043234057417796685
house,KNN,impute_standard,0.0
house,KNN,impute_mean,0.0066653211980865976
house,KNN,impute_median,0.0076253114835032314
house,KNN,impute_random,0.022278803443575176
house,KNN,impute_knn,0.007354383992316125
house,KNN,impute_mice,0.005155170982668686
house,KNN,impute_linear_regression,0.006257329468982407
house,KNN,impute_random_forest,0.006419954728704375
house,KNN,impute_cmeans,0.006783793573176707
house,RandomForest,impute_standard,0.0
house,RandomForest,impute_mean,0.006111027471853287
house,RandomForest,impute_median,0.006342848226434611
house,RandomForest,impute_random,0.018861129131109728
house,RandomForest,impute_knn,0.005779016215699188
house,RandomForest,impute_mice,0.005240239933169348
house,RandomForest,impute_linear_regression,0.005907684161488835
house,RandomForest,impute_random_forest,0.00528868966809013
house,RandomForest,impute_cmeans,0.006050501375745214
house,AdaBoost,impute_standard,0.0
house,AdaBoost,impute_mean,0.03083398492244522
house,AdaBoost,impute_median,0.027669161740856953
house,AdaBoost,impute_random,0.030193587813025058
house,AdaBoost,impute_knn,0.030102801943141366
house,AdaBoost,impute_mice,0.031391519320221564
house,AdaBoost,impute_linear_regression,0.03160123127783249
house,AdaBoost,impute_random_forest,0.034166417283904696
house,AdaBoost,impute_cmeans,0.028139638344080873
house,SVC,impute_standard,0.0
house,SVC,impute_mean,0.01471035554626444
house,SVC,impute_median,0.01460951717765548
house,SVC,impute_random,0.028084708807896687
house,SVC,impute_knn,0.02572516851447033
house,SVC,impute_mice,0.013975460124334293
house,SVC,impute_linear_regression,0.013712272930484269
house,SVC,impute_random_forest,0.024302215775127832
house,SVC,impute_cmeans,0.015227653362144803
iris,DecisionTree,impute_standard,0.0
iris,DecisionTree,impute_mean,0.017758131530237455
iris,DecisionTree,impute_median,0.01507169353681769
iris,DecisionTree,impute_random,0.03581881868364197
iris,DecisionTree,impute_knn,0.019891142025818098
iris,DecisionTree,impute_mice,0.018357633324501736
iris,DecisionTree,impute_linear_regression,0.016068566908399636
iris,DecisionTree,impute_random_forest,0.019018227886363037
iris,DecisionTree,impute_cmeans,0.01820776553975181
iris,LogisticRegression,impute_standard,0.0
iris,LogisticRegression,impute_mean,0.17467515377474016
iris,LogisticRegression,impute_median,0.1717498771340069
iris,LogisticRegression,impute_random,0.13811031020798392
iris,LogisticRegression,impute_knn,0.15350593339180607
iris,LogisticRegression,impute_mice,0.16866936091117227
iris,LogisticRegression,impute_linear_regression,0.16926151389285787
iris,LogisticRegression,impute_random_forest,0.14649102009149617
iris,LogisticRegression,impute_cmeans,0.165446162720291
iris,KNN,impute_standard,0.0
iris,KNN,impute_mean,0.02503207955033747
iris,KNN,impute_median,0.024960266131781404
iris,KNN,impute_random,0.027698113364422405
iris,KNN,impute_knn,0.02433141846507104
iris,KNN,impute_mice,0.023794239098608568
iris,KNN,impute_linear_regression,0.02152086608781276
iris,KNN,impute_random_forest,0.01879479396410699
iris,KNN,impute_cmeans,0.0376962443796149
iris,RandomForest,impute_standard,0.0
iris,RandomForest,impute_mean,0.013840955014122983
iris,RandomForest,impute_median,0.012938536030760877
iris,RandomForest,impute_random,0.03323338327745803
iris,RandomForest,impute_knn,0.016182256085753695
iris,RandomForest,impute_mice,0.014749288000964113
iris,RandomForest,impute_linear_regression,0.015827450125347503
iris,RandomForest,impute_random_forest,0.0185622427005064
iris,RandomForest,impute_cmeans,0.014668366511328312
iris,AdaBoost,impute_standard,0.0
iris,AdaBoost,impute_mean,0.04381827390034575
iris,AdaBoost,impute_median,0.04305867144252181
iris,AdaBoost,impute_random,0.05958078211963874
iris,AdaBoost,impute_knn,0.060150735113961164
iris,AdaBoost,impute_mice,0.039522480953463904
iris,AdaBoost,impute_linear_regression,0.031496128326668774
iris,AdaBoost,impute_random_forest,0.07737267742662969
iris,AdaBoost,impute_cmeans,0.040459678244642125
iris,SVC,impute_standard,0.0
iris,SVC,impute_mean,0.03399852394422299
iris,SVC,impute_median,0.03895604190630307
iris,SVC,impute_random,0.028334190238678333
iris,SVC,impute_knn,0.03152311866119631
iris,SVC,impute_mice,0.030295256040859978
iris,SVC,impute_linear_regression,0.03186784108590463
iris,SVC,impute_random_forest,0.028924470763503525
iris,SVC,impute_cmeans,0.02764323392784173
letter,DecisionTree,impute_standard,0.0
letter,DecisionTree,impute_mean,0.02189785057159952
letter,DecisionTree,impute_median,0.028472410489069302
letter,DecisionTree,impute_random,0.051083350357191644
letter,DecisionTree,impute_knn,0.0242823567296862
letter,DecisionTree,impute_mice,0.024066197879649594
letter,DecisionTree,impute_linear_regression,0.024720536876733708
letter,DecisionTree,impute_random_forest,0.027548673820961926
letter,DecisionTree,impute_cmeans,0.022486992708895166
letter,LogisticRegression,impute_standard,0.0
letter,LogisticRegression,impute_mean,0.12625806422964722
letter,LogisticRegression,impute_median,0.11854650721393363
letter,LogisticRegression,impute_random,0.0824862973690028
letter,LogisticRegression,impute_knn,0.1701106400184352
letter,LogisticRegression,impute_mice,0.16556312461601763
letter,LogisticRegression,impute_linear_regression,0.16570182736906724
letter,LogisticRegression,impute_random_forest,0.1873176185295453
letter,LogisticRegression,impute_cmeans,0.1372445126317595
letter,KNN,impute_standard,0.0
letter,KNN,impute_mean,0.02559359410832845
letter,KNN,impute_median,0.024577473069892605
letter,KNN,impute_random,0.04034590291271678
letter,KNN,impute_knn,0.026008150023534644
letter,KNN,impute_mice,0.02328515173808546
letter,KNN,impute_linear_regression,0.023161974708527728
letter,KNN,impute_random_forest,0.03108154770415494
letter,KNN,impute_cmeans,0.023115336711999567
letter,RandomForest,impute_standard,0.0
letter,RandomForest,impute_mean,0.02131909279395056
letter,RandomForest,impute_median,0.024871302753912507
letter,RandomForest,impute_random,0.05317571538019575
letter,RandomForest,impute_knn,0.024104618503350606
letter,RandomForest,impute_mice,0.02009021956438068
letter,RandomForest,impute_linear_regression,0.020524091037518014
letter,RandomForest,impute_random_forest,0.02643588974225982
letter,RandomForest,impute_cmeans,0.02165410981680693
letter,AdaBoost,impute_standard,0.0
letter,AdaBoost,impute_mean,0.11972919721140157
letter,AdaBoost,impute_median,0.11414527088117712
letter,AdaBoost,impute_random,0.11458334579899346
letter,AdaBoost,impute_knn,0.1482453375273439
letter,AdaBoost,impute_mice,0.1079232479525245
letter,AdaBoost,impute_linear_regression,0.10779846021370429
letter,AdaBoost,impute_random_forest,0.15110793320811217
letter,AdaBoost,impute_cmeans,0.1079279527107817
letter,SVC,impute_standard,0.0
letter,SVC,impute_mean,0.03649060407495437
letter,SVC,impute_median,0.035159589841125646
letter,SVC,impute_random,0.04191313806128001
letter,SVC,impute_knn,0.03584124674454706
letter,SVC,impute_mice,0.02862490405038703
letter,SVC,impute_linear_regression,0.029475053866301493
letter,SVC,impute_random_forest,0.033006467785279575
letter,SVC,impute_cmeans,0.03450562825465116
mv,DecisionTree,impute_standard,0.0
mv,DecisionTree,impute_mean,0.00575604913214499
mv,DecisionTree,impute_median,0.007284907301045864
mv,DecisionTree,impute_random,0.02165013323217617
mv,DecisionTree,impute_knn,0.0076479040026698085
mv,DecisionTree,impute_mice,0.006967010477098765
mv,DecisionTree,impute_linear_regression,0.009545064946141744
mv,DecisionTree,impute_random_forest,0.012976670152391042
mv,DecisionTree,impute_cmeans,0.006697636586426804
mv,LogisticRegression,impute_standard,0.0
mv,LogisticRegression,impute_mean,0.08931275273713613
mv,LogisticRegression,impute_median,0.09011315265416121
mv,LogisticRegression,impute_random,0.05604888792594485
mv,LogisticRegression,impute_knn,0.08966154687164367
mv,LogisticRegression,impute_mice,0.08868678441113273
mv,LogisticRegression,impute_linear_regression,0.0865109298218119
mv,LogisticRegression,impute_random_forest,0.08684835829131834
mv,LogisticRegression,impute_cmeans,0.08798543523991359
mv,KNN,impute_standard,0.0
mv,KNN,impute_mean,0.015211489232559616
mv,KNN,impute_median,0.014595843786573429
mv,KNN,impute_random,0.007030473588423033
mv,KNN,impute_knn,0.013306616338292906
mv,KNN,impute_mice,0.014614069598614964
mv,KNN,impute_linear_regression,0.013863018230060978
mv,KNN,impute_random_forest,0.012757975932256114
mv,KNN,impute_cmeans,0.015457307336511853
mv,RandomForest,impute_standard,0.0
mv,RandomForest,impute_mean,0.0032913677994897833
mv,RandomForest,impute_median,0.0023701204326682913
mv,RandomForest,impute_random,0.020383001915780293
mv,RandomForest,impute_knn,0.004622290581705479
mv,RandomForest,impute_mice,0.0039667343649971345
mv,RandomForest,impute_linear_regression,0.005717214949918029
mv,RandomForest,impute_random_forest,0.010779404094663223
mv,RandomForest,impute_cmeans,0.003357801704901488
mv,AdaBoost,impute_standard,0.0
mv,AdaBoost,impute_mean,0.011424747150342408
mv,AdaBoost,impute_median,0.00575575154699174
mv,AdaBoost,impute_random,0.018736486829825254
mv,AdaBoost,impute_knn,0.007255741541789695
mv,AdaBoost,impute_mice,0.010740232662555698
mv,AdaBoost,impute_linear_regression,0.009265639824696876
mv,AdaBoost,impute_random_forest,0.009433478687766074
mv,AdaBoost,impute_cmeans,0.010377040060877064
mv,SVC,impute_standard,0.0
mv,SVC,impute_mean,0.036826931575346965
mv,SVC,impute_median,0.04372913562168153
mv,SVC,impute_random,0.046093799028710004
mv,SVC,impute_knn,0.05824032524043842
mv,SVC,impute_mice,0.0500697063762799
mv,SVC,impute_linear_regression,0.04570543220817773
mv,SVC,impute_random_forest,0.05590400453768279
mv,SVC,impute_cmeans,0.04551104142686636
numerai28.6,DecisionTree,impute_standard,0.0
numerai28.6,DecisionTree,impute_mean,0.003330640661529155
numerai28.6,DecisionTree,impute_median,0.003135294882878982
numerai28.6,DecisionTree,impute_random,0.020471846102170572
numerai28.6,DecisionTree,impute_knn,0.005676873715632584
numerai28.6,DecisionTree,impute_mice,0.004409656799912966
numerai28.6,DecisionTree,impute_linear_regression,0.005768279486258872
numerai28.6,DecisionTree,impute_random_forest,0.008020446778078743
numerai28.6,DecisionTree,impute_cmeans,0.0024657994189307706
numerai28.6,LogisticRegression,impute_standard,0.0
numerai28.6,LogisticRegression,impute_mean,0.05378036259758624
numerai28.6,LogisticRegression,impute_median,0.05430783698657647
numerai28.6,LogisticRegression,impute_random,0.03081420220875568
numerai28.6,LogisticRegression,impute_knn,0.06667252911392167
numerai28.6,LogisticRegression,impute_mice,0.06260195695880964
numerai28.6,LogisticRegression,impute_linear_regression,0.061268530660945016
numerai28.6,LogisticRegression,impute_random_forest,0.0703555688372787
numerai28.6,LogisticRegression,impute_cmeans,0.05843545570000915
numerai28.6,KNN,impute_standard,0.0
numerai28.6,KNN,impute_mean,0.010461838113562341
numerai28.6,KNN,impute_median,0.010362267249586886
numerai28.6,KNN,impute_random,0.015056317828756301
numerai28.6,KNN,impute_knn,0.008602053892161286
numerai28.6,KNN,impute_mice,0.01072482880872246
numerai28.6,KNN,impute_linear_regression,0.010101667697441412
numerai28.6,KNN,impute_random_forest,0.010777154211360109
numerai28.6,KNN,impute_cmeans,0.01087811743067526
numerai28.6,RandomForest,impute_standard,0.0
numerai28.6,RandomForest,impute_mean,0.0030723779643612057
numerai28.6,RandomForest,impute_median,0.0027756879148897033
numerai28.6,RandomForest,impute_random,0.020245148872575395
numerai28.6,RandomForest,impute_knn,0.0027854639810126714
numerai28.6,RandomForest,impute_mice,0.0021285854211521293
numerai28.6,RandomForest,impute_linear_regression,0.0025740158241163674
numerai28.6,RandomForest,impute_random_forest,0.006738977436018113
numerai28.6,RandomForest,impute_cmeans,0.0020344215772422156
numerai28.6,AdaBoost,impute_standard,0.0
numerai28.6,AdaBoost,impute_mean,0.015761682079744647
numerai28.6,AdaBoost,impute_median,0.01568031045069818
numerai28.6,AdaBoost,impute_random,0.02430788186992459
numerai28.6,AdaBoost,impute_knn,0.01925916246447731
numerai28.6,AdaBoost,impute_mice,0.012831087087808812
numerai28.6,AdaBoost,impute_linear_regression,0.014347658095429832
numerai28.6,AdaBoost,impute_random_forest,0.05161227947782949
numerai28.6,AdaBoost,impute_cmeans,0.01589717340883405
numerai28.6,SVC,impute_standard,0.0
numerai28.6,SVC,impute_mean,0.031733827313309634
numerai28.6,SVC,impute_median,0.03184034512072034
numerai28.6,SVC,impute_random,0.028034209917695136
numerai28.6,SVC,impute_knn,0.04052675036045393
numerai28.6,SVC,impute_mice,0.033894440129638825
numerai28.6,SVC,impute_linear_regression,0.030171058211800404
numerai28.6,SVC,impute_random_forest,0.03334379339076129
numerai28.6,SVC,impute_cmeans,0.03217614501703281
phoneme,DecisionTree,impute_standard,0.0
phoneme,DecisionTree,impute_mean,0.0017654802692237182
phoneme,DecisionTree,impute_median,0.002587921348856813
phoneme,DecisionTree,impute_random,0.016358009969669726
phoneme,DecisionTree,impute_knn,0.0053663202157822115
phoneme,DecisionTree,impute_mice,0.005176869130648962
phoneme,DecisionTree,impute_linear_regression,0.00635935269815893
phoneme,DecisionTree,impute_random_forest,0.007587534345014077
phoneme,DecisionTree,impute_cmeans,0.0033403580918123055
phoneme,LogisticRegression,impute_standard,0.0
phoneme,LogisticRegression,impute_mean,0.07467098594814955
phoneme,LogisticRegression,impute_median,0.0726741606028125
phoneme,LogisticRegression,impute_random,0.05645165542382321
phoneme,LogisticRegression,impute_knn,0.06561000015532588
phoneme,LogisticRegression,impute_mice,0.08247693619877079
phoneme,LogisticRegression,impute_linear_regression,0.0812091264750449
phoneme,LogisticRegression,impute_random_forest,0.06924604766707328
phoneme,LogisticRegression,impute_cmeans,0.0797559521810678
phoneme,KNN,impute_standard,0.0
phoneme,KNN,impute_mean,0.010011672268172065
phoneme,KNN,impute_median,0.009998542603570993
phoneme,KNN,impute_random,0.009037841662794881
phoneme,KNN,impute_knn,0.013162630488097841
phoneme,KNN,impute_mice,0.009988078826049292
phoneme,KNN,impute_linear_regression,0.009120640735809819
phoneme,KNN,impute_random_forest,0.012873678405337414
phoneme,KNN,impute_cmeans,0.010889804606143662
phoneme,RandomForest,impute_standard,0.0
phoneme,RandomForest,impute_mean,0.0017330088487410797
phoneme,RandomForest,impute_median,0.001672708237489382
phoneme,RandomForest,impute_random,0.012370668550401169
phoneme,RandomForest,impute_knn,0.0036672705923147192
phoneme,RandomForest,impute_mice,0.003057958403711576
phoneme,RandomForest,impute_linear_regression,0.0038728069830187947
phoneme,RandomForest,impute_random_forest,0.006303700132555674
phoneme,RandomForest,impute_cmeans,0.002617616101670151
phoneme,AdaBoost,impute_standard,0.0
phoneme,AdaBoost,impute_mean,0.01727065749176495
phoneme,AdaBoost,impute_median,0.0174625460624072
phoneme,AdaBoost,impute_random,0.022252149993979176
phoneme,AdaBoost,impute_knn,0.026826123847580877
phoneme,AdaBoost,impute_mice,0.01435548341666705
phoneme,AdaBoost,impute_linear_regression,0.014961136723374074
phoneme,AdaBoost,impute_random_forest,0.06590632741467892
phoneme,AdaBoost,impute_cmeans,0.01779033158630978
phoneme,SVC,impute_standard,0.0
phoneme,SVC,impute_mean,0.019267112531565912
phoneme,SVC,impute_median,0.03196634496569733
phoneme,SVC,impute_random,0.04665007053676344
phoneme,SVC,impute_knn,0.048753032167008215
phoneme,SVC,impute_mice,0.03053144407230182
phoneme,SVC,impute_linear_regression,0.029003474083343073
phoneme,SVC,impute_random_forest,0.05294360792032287
phoneme,SVC,impute_cmeans,0.023619120226838423
ringnorm,DecisionTree,impute_standard,0.0
ringnorm,DecisionTree,impute_mean,0.0018781802359283096
ringnorm,DecisionTree,impute_median,0.0017923317736948702
ringnorm,DecisionTree,impute_random,0.012596454353342855
ringnorm,DecisionTree,impute_knn,0.0038565080828784314
ringnorm,DecisionTree,impute_mice,0.0027863462684985605
ringnorm,DecisionTree,impute_linear_regression,0.004763052408056554
ringnorm,DecisionTree,impute_random_forest,0.0067498894565889865
ringnorm,DecisionTree,impute_cmeans,0.0021063243469059633
ringnorm,LogisticRegression,impute_standard,0.0
ringnorm,LogisticRegression,impute_mean,0.0571528034656907
ringnorm,LogisticRegression,impute_median,0.05865169047872675
ringnorm,LogisticRegression,impute_random,0.03804674785898835
ringnorm,LogisticRegression,impute_knn,0.06509691204847648
ringnorm,LogisticRegression,impute_mice,0.05975627506160581
ringnorm,LogisticRegression,impute_linear_regression,0.05825699021188807
ringnorm,LogisticRegression,impute_random_forest,0.06342846347523161
ringnorm,LogisticRegression,impute_cmeans,0.05535852370593352
ringnorm,KNN,impute_standard,0.0
ringnorm,KNN,impute_mean,0.010908333479148817
ringnorm,KNN,impute_median,0.01014830743211413
ringnorm,KNN,impute_random,0.009140872489018865
ringnorm,KNN,impute_knn,0.01034900870728023
ringnorm,KNN,impute_mice,0.010312647208692195
ringnorm,KNN,impute_linear_regression,0.00956813791052047
ringnorm,KNN,impute_random_forest,0.012043134015049133
ringnorm,KNN,impute_cmeans,0.010278394888921785
ringnorm,RandomForest,impute_standard,0.0
ringnorm,RandomForest,impute_mean,0.001769990375080077
ringnorm,RandomForest,impute_median,0.0016444723721106794
ringnorm,RandomForest,impute_random,0.010815241881514514
ringnorm,RandomForest,impute_knn,0.002806079545999745
ringnorm,RandomForest,impute_mice,0.001806771601592541
ringnorm,RandomForest,impute_linear_regression,0.002910734548181375
ringnorm,RandomForest,impute_random_forest,0.007012266130289282
ringnorm,RandomForest,impute_cmeans,0.0011266925562588616
ringnorm,AdaBoost,impute_standard,0.0
ringnorm,AdaBoost,impute_mean,0.010006774960537599
ringnorm,AdaBoost,impute_median,0.010193703068230872
ringnorm,AdaBoost,impute_random,0.01354358002178902
ringnorm,AdaBoost,impute_knn,0.020929544906969733
ringnorm,AdaBoost,impute_mice,0.011800865372969382
ringnorm,AdaBoost,impute_linear_regression,0.012858030981979632
ringnorm,AdaBoost,impute_random_forest,0.051588876245542446
ringnorm,AdaBoost,impute_cmeans,0.010058556978531173
ringnorm,SVC,impute_standard,0.0
ringnorm,SVC,impute_mean,0.024936000653316574
ringnorm,SVC,impute_median,0.024584991439573923
ringnorm,SVC,impute_random,0.03381134051976855
ringnorm,SVC,impute_knn,0.04507373191283619
ringnorm,SVC,impute_mice,0.028916039535570544
ringnorm,SVC,impute_linear_regression,0.024700438528220132
ringnorm,SVC,impute_random_forest,0.038810369006922696
ringnorm,SVC,impute_cmeans,0.029982163266108086
Run_or_walk_information,DecisionTree,impute_standard,0.0
Run_or_walk_information,DecisionTree,impute_mean,0.0033887607654051527
Run_or_walk_information,DecisionTree,impute_median,0.004311659282861206
Run_or_walk_information,DecisionTree,impute_random,0.005916860888520217
Run_or_walk_information,DecisionTree,impute_knn,0.00289397919014161
Run_or_walk_information,DecisionTree,impute_mice,0.0030877674668298607
Run_or_walk_information,DecisionTree,impute_linear_regression,0.005703996433195373
Run_or_walk_information,DecisionTree,impute_random_forest,0.005584617458937608
Run_or_walk_information,DecisionTree,impute_cmeans,0.004143836093848311
Run_or_walk_information,LogisticRegression,impute_standard,0.0
Run_or_walk_information,LogisticRegression,impute_mean,0.05073147823445689
Run_or_walk_information,LogisticRegression,impute_median,0.049444697801504074
Run_or_walk_information,LogisticRegression,impute_random,0.053739738992974635
Run_or_walk_information,LogisticRegression,impute_knn,0.04337880130180289
Run_or_walk_information,LogisticRegression,impute_mice,0.050871542095439766
Run_or_walk_information,LogisticRegression,impute_linear_regression,0.04929957695390459
Run_or_walk_information,LogisticRegression,impute_random_forest,0.0377893525667274
Run_or_walk_information,LogisticRegression,impute_cmeans,0.04691526722185459
Run_or_walk_information,KNN,impute_standard,0.0
Run_or_walk_information,KNN,impute_mean,0.0068029985180712805
Run_or_walk_information,KNN,impute_median,0.006900282954811305
Run_or_walk_information,KNN,impute_random,0.009830727245082108
Run_or_walk_information,KNN,impute_knn,0.007531717957813687
Run_or_walk_information,KNN,impute_mice,0.006112422423396897
Run_or_walk_information,KNN,impute_linear_regression,0.005676156056484701
Run_or_walk_information,KNN,impute_random_forest,0.007185893212157518
Run_or_walk_information,KNN,impute_cmeans,0.0066337381697360144
Run_or_walk_information,RandomForest,impute_standard,0.0
Run_or_walk_information,RandomForest,impute_mean,0.0020931777840935625
Run_or_walk_information,RandomForest,impute_median,0.0012530376864665147
Run_or_walk_information,RandomForest,impute_random,0.005064908111350601
Run_or_walk_information,RandomForest,impute_knn,0.0022692012221565885
Run_or_walk_information,RandomForest,impute_mice,0.0016360473553052367
Run_or_walk_information,RandomForest,impute_linear_regression,0.0027558412466026417
Run_or_walk_information,RandomForest,impute_random_forest,0.006114518791419623
Run_or_walk_information,RandomForest,impute_cmeans,0.00201728025926615
Run_or_walk_information,AdaBoost,impute_standard,0.0
Run_or_walk_information,AdaBoost,impute_mean,0.00591103679618026
Run_or_walk_information,AdaBoost,impute_median,0.0066403192040804335
Run_or_walk_information,AdaBoost,impute_random,0.007037271341610738
Run_or_walk_information,AdaBoost,impute_knn,0.011820949498124012
Run_or_walk_information,AdaBoost,impute_mice,0.007361301749179424
Run_or_walk_information,AdaBoost,impute_linear_regression,0.008621124535458826
Run_or_walk_information,AdaBoost,impute_random_forest,0.008805768716313252
Run_or_walk_information,AdaBoost,impute_cmeans,0.007091609329154342
Run_or_walk_information,SVC,impute_standard,0.0
Run_or_walk_information,SVC,impute_mean,0.13014005460217054
Run_or_walk_information,SVC,impute_median,0.06388708477781885
Run_or_walk_information,SVC,impute_random,0.16674860732670482
Run_or_walk_information,SVC,impute_knn,0.25917368261246904
Run_or_walk_information,SVC,impute_mice,0.0876297664455768
Run_or_walk_information,SVC,impute_linear_regression,0.08958073015906849
Run_or_walk_information,SVC,impute_random_forest,0.21661417047905016
Run_or_walk_information,SVC,impute_cmeans,0.06476809751006657
shuttle,DecisionTree,impute_standard,0.0
shuttle,DecisionTree,impute_mean,0.003046723133296483
shuttle,DecisionTree,impute_median,0.00493686179809725
shuttle,DecisionTree,impute_random,0.01939604910562221
shuttle,DecisionTree,impute_knn,0.00554633485763133
shuttle,DecisionTree,impute_mice,0.004601983752771175
shuttle,DecisionTree,impute_linear_regression,0.008240013793273795
shuttle,DecisionTree,impute_random_forest,0.010514251121151882
shuttle,DecisionTree,impute_cmeans,0.0048036248489762646
shuttle,LogisticRegression,impute_standard,0.0
shuttle,LogisticRegression,impute_mean,0.08556339647070615
shuttle,LogisticRegression,impute_median,0.08605548178279954
shuttle,LogisticRegression,impute_random,0.05436126258736764
shuttle,LogisticRegression,impute_knn,0.08907401845322528
shuttle,LogisticRegression,impute_mice,0.08773266597761266
shuttle,LogisticRegression,impute_linear_regression,0.08496335957897552
shuttle,LogisticRegression,impute_random_forest,0.0843303634231048
shuttle,LogisticRegression,impute_cmeans,0.08287592641559167
shuttle,KNN,impute_standard,0.0
shuttle,KNN,impute_mean,0.012055698880177136
shuttle,KNN,impute_median,0.011860001559962412
shuttle,KNN,impute_random,0.007270173515410723
shuttle,KNN,impute_knn,0.010511007441823133
shuttle,KNN,impute_mice,0.01130165338612838
shuttle,KNN,impute_linear_regression,0.010460364319800191
shuttle,KNN,impute_random_forest,0.010459012584365093
shuttle,KNN,impute_cmeans,0.01267337700864508
shuttle,RandomForest,impute_standard,0.0
shuttle,RandomForest,impute_mean,0.0036091383299671777
shuttle,RandomForest,impute_median,0.002217325613198111
shuttle,RandomForest,impute_random,0.018162293416438536
shuttle,RandomForest,impute_knn,0.00530764122463313
shuttle,RandomForest,impute_mice,0.004216511919887681
shuttle,RandomForest,impute_linear_regression,0.0060422207160665655
shuttle,RandomForest,impute_random_forest,0.011983543108376817
shuttle,RandomForest,impute_cmeans,0.0030532816753253136
shuttle,AdaBoost,impute_standard,0.0
shuttle,AdaBoost,impute_mean,0.014152766408819276
shuttle,AdaBoost,impute_median,0.012068289234579989
shuttle,AdaBoost,impute_random,0.032223280293035145
shuttle,AdaBoost,impute_knn,0.03691560168076397
shuttle,AdaBoost,impute_mice,0.02720256507502557
shuttle,AdaBoost,impute_linear_regression,0.026943300680553343
shuttle,AdaBoost,impute_random_forest,0.03575890774220496
shuttle,AdaBoost,impute_cmeans,0.030411603076457083
shuttle,SVC,impute_standard,0.0
shuttle,SVC,impute_mean,0.1033589626221783
shuttle,SVC,impute_median,0.0949557715833496
shuttle,SVC,impute_random,0.15275670263428515
shuttle,SVC,impute_knn,0.22134859015225428
shuttle,SVC,impute_mice,0.07608728436179547
shuttle,SVC,impute_linear_regression,0.07703870138895928
shuttle,SVC,impute_random_forest,0.20757178165689633
shuttle,SVC,impute_cmeans,0.08716274949161605
stars,DecisionTree,impute_standard,0.0
stars,DecisionTree,impute_mean,0.002967747601834011
stars,DecisionTree,impute_median,0.0038635564346829973
stars,DecisionTree,impute_random,0.01780929300923817
stars,DecisionTree,impute_knn,0.011465471993127379
stars,DecisionTree,impute_mice,0.004772448451330516
stars,DecisionTree,impute_linear_regression,0.0060098770101179
stars,DecisionTree,impute_random_forest,0.013960244138719565
stars,DecisionTree,impute_cmeans,0.004268576820290336
stars,LogisticRegression,impute_standard,0.0
stars,LogisticRegression,impute_mean,0.05532417341884837
stars,LogisticRegression,impute_median,0.05906820705921775
stars,LogisticRegression,impute_random,0.04462273239655953
stars,LogisticRegression,impute_knn,0.1073301126652192
stars,LogisticRegression,impute_mice,0.06426575844468374
stars,LogisticRegression,impute_linear_regression,0.06325878951589202
stars,LogisticRegression,impute_random_forest,0.09952407025883053
stars,LogisticRegression,impute_cmeans,0.07361878916375614
stars,KNN,impute_standard,0.0
stars,KNN,impute_mean,0.014623035406311333
stars,KNN,impute_median,0.013077272223994968
stars,KNN,impute_random,0.03153261711422249
stars,KNN,impute_knn,0.010924071852234669
stars,KNN,impute_mice,0.011559524741357208
stars,KNN,impute_linear_regression,0.010147340509163022
stars,KNN,impute_random_forest,0.02419529069422529
stars,KNN,impute_cmeans,0.011632147741050817
stars,RandomForest,impute_standard,0.0
stars,RandomForest,impute_mean,0.0030716078929302446
stars,RandomForest,impute_median,0.0031136819798768776
stars,RandomForest,impute_random,0.012770171726755609
stars,RandomForest,impute_knn,0.0073084350155878846
stars,RandomForest,impute_mice,0.004998408230626659
stars,RandomForest,impute_linear_regression,0.005099092929981574
stars,RandomForest,impute_random_forest,0.012554089090746574
stars,RandomForest,impute_cmeans,0.0037280864301031513
stars,AdaBoost,impute_standard,0.0
stars,AdaBoost,impute_mean,0.02656171455595443
stars,AdaBoost,impute_median,0.02646708613756342
stars,AdaBoost,impute_random,0.028291637840251904
stars,AdaBoost,impute_knn,0.09196171194772662
stars,AdaBoost,impute_mice,0.02637988279971971
stars,AdaBoost,impute_linear_regression,0.029018718311090017
stars,AdaBoost,impute_random_forest,0.22601885050031664
stars,AdaBoost,impute_cmeans,0.02581049705720224
stars,SVC,impute_standard,0.0
stars,SVC,impute_mean,0.016697037019273504
stars,SVC,impute_median,0.029194754646809148
stars,SVC,impute_random,0.03244938553457703
stars,SVC,impute_knn,0.08016541601745981
stars,SVC,impute_mice,0.05068070018909663
stars,SVC,impute_linear_regression,0.04913865720149244
stars,SVC,impute_random_forest,0.08477593288283536
stars,SVC,impute_cmeans,0.053279805978400166
visualizing_soil,DecisionTree,impute_standard,0.0
visualizing_soil,DecisionTree,impute_mean,0.015258212690116556
visualizing_soil,DecisionTree,impute_median,0.01022434071029238
visualizing_soil,DecisionTree,impute_random,0.005559014904894835
visualizing_soil,DecisionTree,impute_knn,0.0072035621117040455
visualizing_soil,DecisionTree,impute_mice,0.004407929198822015
visualizing_soil,DecisionTree,impute_linear_regression,0.004552286798391671
visualizing_soil,DecisionTree,impute_random_forest,0.00929295079827367
visualizing_soil,DecisionTree,impute_cmeans,0.006611023334545883
visualizing_soil,LogisticRegression,impute_standard,0.0
visualizing_soil,LogisticRegression,impute_mean,0.03912988484645977
visualizing_soil,LogisticRegression,impute_median,0.04327607504814348
visualizing_soil,LogisticRegression,impute_random,0.06320765886555452
visualizing_soil,LogisticRegression,impute_knn,0.08330481931853599
visualizing_soil,LogisticRegression,impute_mice,0.04041950574659047
visualizing_soil,LogisticRegression,impute_linear_regression,0.0420752834651747
visualizing_soil,LogisticRegression,impute_random_forest,0.08207378858870687
visualizing_soil,LogisticRegression,impute_cmeans,0.047323199842348715
visualizing_soil,KNN,impute_standard,0.0
visualizing_soil,KNN,impute_mean,0.009742638526461154
visualizing_soil,KNN,impute_median,0.008994686311483506
visualizing_soil,KNN,impute_random,0.01425797027594237
visualizing_soil,KNN,impute_knn,0.009328677092607636
visualizing_soil,KNN,impute_mice,0.009140097068785416
visualizing_soil,KNN,impute_linear_regression,0.008337014570601181
visualizing_soil,KNN,impute_random_forest,0.010384106191575987
visualizing_soil,KNN,impute_cmeans,0.011079954611452123
visualizing_soil,RandomForest,impute_standard,0.0
visualizing_soil,RandomForest,impute_mean,0.0030142153802126706
visualizing_soil,RandomForest,impute_median,0.002792300960887525
visualizing_soil,RandomForest,impute_random,0.006206935779305812
visualizing_soil,RandomForest,impute_knn,0.008013349104368645
visualizing_soil,RandomForest,impute_mice,0.0033721279002728102
visualizing_soil,RandomForest,impute_linear_regression,0.003929660333185565
visualizing_soil,RandomForest,impute_random_forest,0.011075949921603413
visualizing_soil,RandomForest,impute_cmeans,0.005741998213849419
visualizing_soil,AdaBoost,impute_standard,0.0
visualizing_soil,AdaBoost,impute_mean,0.005893088732213382
visualizing_soil,AdaBoost,impute_median,0.004008520269341255
visualizing_soil,AdaBoost,impute_random,0.013326543547856177
visualizing_soil,AdaBoost,impute_knn,0.015222129894153877
visualizing_soil,AdaBoost,impute_mice,0.005184561261303922
visualizing_soil,AdaBoost,impute_linear_regression,0.004698752492677184
visualizing_soil,AdaBoost,impute_random_forest,0.04280164061780835
visualizing_soil,AdaBoost,impute_cmeans,0.007809675471138287
visualizing_soil,SVC,impute_standard,0.0
visualizing_soil,SVC,impute_mean,0.05221836492984743
visualizing_soil,SVC,impute_median,0.07725150582089642
visualizing_soil,SVC,impute_random,0.06833526035824804
visualizing_soil,SVC,impute_knn,0.05101159835601787
visualizing_soil,SVC,impute_mice,0.05291215602982739
visualizing_soil,SVC,impute_linear_regression,0.05533354175053326
visualizing_soil,SVC,impute_random_forest,0.04492089300820792
visualizing_soil,SVC,impute_cmeans,0.04284900869703893
wall-robot-navigation,DecisionTree,impute_standard,0.0
wall-robot-navigation,DecisionTree,impute_mean,0.004490009817625537
wall-robot-navigation,DecisionTree,impute_median,0.005755853197666861
wall-robot-navigation,DecisionTree,impute_random,0.015517118805462506
wall-robot-navigation,DecisionTree,impute_knn,0.029018860286722598
wall-robot-navigation,DecisionTree,impute_mice,0.003492121542675806
wall-robot-navigation,DecisionTree,impute_linear_regression,0.0034239568463360257
wall-robot-navigation,DecisionTree,impute_random_forest,0.030654033327989515
wall-robot-navigation,DecisionTree,impute_cmeans,0.002980028732976495
wall-robot-navigation,LogisticRegression,impute_standard,0.0
wall-robot-navigation,LogisticRegression,impute_mean,0.1195039803986648
wall-robot-navigation,LogisticRegression,impute_median,0.1346437336169086
wall-robot-navigation,LogisticRegression,impute_random,0.09237647974360871
wall-robot-navigation,LogisticRegression,impute_knn,0.17953462398603837
wall-robot-navigation,LogisticRegression,impute_mice,0.11964122711668954
wall-robot-navigation,LogisticRegression,impute_linear_regression,0.12033028379822128
wall-robot-navigation,LogisticRegression,impute_random_forest,0.17698230895204836
wall-robot-navigation,LogisticRegression,impute_cmeans,0.11702336179488379
wall-robot-navigation,KNN,impute_standard,0.0
wall-robot-navigation,KNN,impute_mean,0.006119961704092724
wall-robot-navigation,KNN,impute_median,0.00617979679756929
wall-robot-navigation,KNN,impute_random,0.028257207069976486
wall-robot-navigation,KNN,impute_knn,0.006957416969121601
wall-robot-navigation,KNN,impute_mice,0.005587057228668846
wall-robot-navigation,KNN,impute_linear_regression,0.0052074496375645925
wall-robot-navigation,KNN,impute_random_forest,0.00885109746890407
wall-robot-navigation,KNN,impute_cmeans,0.005541179301899445
wall-robot-navigation,RandomForest,impute_standard,0.0
wall-robot-navigation,RandomForest,impute_mean,0.0020808543935310875
wall-robot-navigation,RandomForest,impute_median,0.0017959056932042655
wall-robot-navigation,RandomForest,impute_random,0.016889376949705045
wall-robot-navigation,RandomForest,impute_knn,0.0042531767365555665
wall-robot-navigation,RandomForest,impute_mice,0.003260354755699943
wall-robot-navigation,RandomForest,impute_linear_regression,0.004014235828065889
wall-robot-navigation,RandomForest,impute_random_forest,0.006614452726063158
wall-robot-navigation,RandomForest,impute_cmeans,0.002330396042637248
wall-robot-navigation,AdaBoost,impute_standard,0.0
wall-robot-navigation,AdaBoost,impute_mean,0.1041354966128966
wall-robot-navigation,AdaBoost,impute_median,0.10466851041508109
wall-robot-navigation,AdaBoost,impute_random,0.076309693813174
wall-robot-navigation,AdaBoost,impute_knn,0.13133685671870848
wall-robot-navigation,AdaBoost,impute_mice,0.11779318583562264
wall-robot-navigation,AdaBoost,impute_linear_regression,0.11743577236328709
wall-robot-navigation,AdaBoost,impute_random_forest,0.14022086696049987
wall-robot-navigation,AdaBoost,impute_cmeans,0.10855424928504437
wall-robot-navigation,SVC,impute_standard,0.0
wall-robot-navigation,SVC,impute_mean,0.07292308037334402
wall-robot-navigation,SVC,impute_median,0.048857551808522345
wall-robot-navigation,SVC,impute_random,0.07547288272182312
wall-robot-navigation,SVC,impute_knn,0.062330582306766975
wall-robot-navigation,SVC,impute_mice,0.07024911204904669
wall-robot-navigation,SVC,impute_linear_regression,0.06366169433252226
wall-robot-navigation,SVC,impute_random_forest,0.060517325698707485
wall-robot-navigation,SVC,impute_cmeans,0.07320337418203914
